id,path
2405,27 27 21 25 26 23 46 44 6
2643,27 21 34 26 32 33 23 29 22 28
880,37 37 30 31 22 53 38
2648,21 32 33 23 24 31 38
2987,34 32 33 33 33 28
2406,27 27 21 25 26 23 46 44 15
445,54 34 26 2 7 8 3 6
448,54 34 26 2 7 8 3 5
625,27 30 25 26 23 24 22 28
2568,37 41 27 28 28 42 38 38
2696,41 27 27 27 28 28 38
2806,18 39 26 23 60 28 28
1718,21 25 26 23 33 28 42 38
2399,21 22 28 28 22
674,21 32 33 23 29 22
1583,4 2 7 8 20 3
345,37 41 18 39 26 23 29 28 53 22
2234,1 4 2 3 23 24 31 58
875,21 22 28 28 28
2366,37 34 26 32 33 23 33 28 38
2978,27 18 39 26 23 40 15 56
757,27 30 25 26 23 52 53 28 28
1437,2 19 7 8 14 15
351,1 4 2 3 23 52 53
771,1 16 13 19 20 3 5 6
1021,16 13 19 20 14 17 6
1346,27 27 32 26 23 33 28 38
2629,27 18 39 26 23 40 15 28
1956,27 21 18 39 26 23 46 44 15
1436,2 19 7 8 14 6
2221,16 4 2 19 19 20 20 3
282,37 30 25 26 23 24 31 38 38
2266,27 18 39 26 23 40 15 22
284,37 21 30 25 26 23 24 31 38 38
2231,37 30 25 26 23 24 31 38 42
2986,34 32 33 33 29
2858,21 27 18 39 26 23 60 28 28
2985,34 32 33 33 28
331,27 50 51 26 23 52 53 28
1084,4 2 19 20 8 9
264,1 4 2 3 23 24 31 22
2190,21 18 13 19 20 14
2670,4 2 7 8 3 23 40 15
1090,1 13 19 20 10 23 24 31
2661,27 32 33 23 40 15 38
348,2 3 23 52 53
703,1 4 2 3 5 17
2227,37 30 25 26 23 24 31 42 38
2865,21 30 25 26 23 29 53
376,4 2 7 8 3 23 40 6
783,21 18 13 19 20 3
1612,21 27 61 62
2503,37 37 41 27 27 28 28
8,1 4 2 3 5 6
2709,27 32 26 32 26 23 29
1751,1 39 26 12 7 8 14 17 6
2718,30 25 32 26 23 29
1468,30 25 26 2 7 8 14 6
2820,49 21 25 26 23 40 15 22
531,37 34 26 32 33 33 53 28
1569,21 25 26 45 26 23 24 31
455,18 13 19 35 36 8 9
1597,18 13 19 35 36 8 10
1712,2 19 20 14 15 38
1677,50 27 50 27 28
983,1 4 2 3 23 24 31 42
2754,37 21 25 26 23 24 22 28 28
2841,37 18 13 7 8 3
263,1 4 2 3 23 24 31 38
2740,21 34 32 33 29 38
1134,34 26 2 19 20 14 15
2115,27 32 33 23 40 15 22
2893,11 7 35 36 20 3 5 6
1371,1 13 19 20 10 23 24 22
1133,34 26 2 19 20 14 6
637,1 4 2 3 23 24 31 28
1172,21 21 18 39 26 23 33 58 22
1601,21 27 32 26 23 24 31 22
2299,21 25 26 23 46 44 6
551,2 19 20 3 23 24 22
1086,12 19 20 10 23 40 6
1831,2 3 23 29 28 55
2649,21 32 33 23 24 31
641,2 19 20 3 23 24 31
2300,21 25 26 23 46 44 15
1707,1 16 4 2 19 20 3 5 6
507,21 32 33 23 24 22
2600,21 41 27 28
2428,1 39 26 23 29 28 28
1653,27 27 45 46 33 28
1681,37 27 50 27 28
834,37 27 21 25 26 23 24 22 28 38
2436,37 34 26 2 19 20 14
75,4 2 19 20 3 5
72,4 2 19 20 3 6
2162,37 34 26 2 19 20 10
1953,48 45 46 23 40 15 22
805,21 21 21 25 26 23 24 22
669,37 27 32 26 23 29
458,21 50 21 22 22
1701,41 18 39 26 23 46 44 6
1309,1 13 19 20 14 15 28
2445,34 26 32 33 33 33 28
367,18 13 7 8 3 5
628,1 4 2 3 23 33 23 29
2444,27 32 33 33 33 28
1986,21 21 21 25 26 23 24 31
782,1 13 19 20 14 15 22
2011,2 7 35 36 20 3 6
2244,48 45 46 23 40 15 38
2476,4 2 19 20 3 23 29
2014,2 7 35 36 20 3 5
2187,21 21 30 25 26 23 24 31 22 22
1825,2 3 23 29 31 22
1637,1 13 19 20 14 15 38
1702,41 18 39 26 23 46 44 15
2814,49 21 25 26 23 24 22 28 38
1784,1 13 7 8 3 5 17 6
2199,1 13 19 20 14 15 58
206,4 2 7 8 14 6
986,30 31 42 38 38
2094,30 25 32 26 23 24 31 28
2168,37 30 25 26 23 24 31 38 28
2798,27 21 27 28 53 28 47
699,1 16 4 2 19 20 14 6
879,37 37 30 31 22 53 38 38
1590,27 45 46 23 24 22 38
2089,27 27 27 28 28 28 28 22
1798,27 27 27 28 53 28
1389,30 25 26 23 24 31 28 58
1812,30 25 26 23 24 31 28 28
700,1 16 4 2 19 20 14 15
806,21 21 25 26 23 24 22
1009,1 2 19 19 20 20 3 6
1879,34 26 32 26 23 33 23 24 31
1859,27 32 26 45 26 23 24 31 38 22
544,27 32 26 23 29
819,21 21 25 26 23 24 31
2916,21 25 26 12 7 8 14 15 22
2138,21 22 28 22 22
766,1 13 19 20 14 17 6
2653,21 30 25 26 23 33 22
2542,18 39 26 2 19 20 20 3
565,12 19 20 14 6
1602,21 25 32 26 23 24 31
784,21 18 13 19 20 3 5 6
1113,16 13 7 8 10 23 40 6
1299,21 30 25 26 23 33 28
1450,30 25 26 2 7 8 8 9
1981,41 21 22
106,18 13 19 20 14
2217,21 25 32 26 23 24 22
566,12 19 20 14 15
2293,37 27 21 25 26 23 24 22 28 22
1914,34 32 26 23 33 28 28
930,37 27 21 25 26 23 24 22 28 28
11,4 2 3 5
2287,37 49 32 33 23 24 31 38
1269,18 13 19 20 20
2970,27 34 26 2 19 20 3
41,16 4 5
763,4 2 3 23 52 53 28
1292,2 19 19 20 3 5
156,2 19 19 20 3 6
472,18 13 19 20 8
90,18 13 19 20 10
1614,61 62 22
746,27 18 13 19 20 14 15 56 6
1087,12 19 20 10 23 40 15
907,27 27 21 25 26 23 24 22 28 38
207,4 2 7 8 14 15
3033,30 31 64 17 6
1114,16 13 7 8 10 23 40 15
1496,27 27 21 25 26 23 24 22 28 28
92,18 13 19 20 3
951,1 2 3 23 24 22 58
1615,21 27 21 25 26 23 29 62 28 22
1698,37 41 18 39 26 23 46 44 6
1858,27 32 26 45 26 23 24 31 38
904,30 25 26 2 7 8 3 5
541,27 21 25 26 23 33 23 24 22
901,30 25 26 2 7 8 3 6
2123,18 15 42 38 42
2361,37 21 34 26 32 33 23 29 28 22
175,21 30 25 26 23 24 22
1433,2 7 8 20 3 5 6
2224,49 30 25 26 23 24 31 38
1699,37 41 18 39 26 23 46 44 15
2698,41 27 27 27 28 28 38 42
1049,18 39 26 2 19 20 14 15
2378,2 3 23 29 42 22
173,21 30 25 26 23 24 31
1032,49 30 25 26 23 24 22
1402,2 3 23 46 44 6
1478,4 2 7 8 3 23 33 28
1697,21 21 30 25 26 23 40 15 42
2143,21 30 25 26 23 24 22 28 22
1943,27 30 25 26 23 33 28 42 38
2150,37 27 27 28 28 53 28 38
1403,2 3 23 46 44 15
2083,27 27 28 28 28 22
2360,37 21 34 26 32 33 23 29 28 38
1004,27 30 25 26 23 24 31 22
2374,37 34 26 2 7 8 14
684,13 19 20 3 5 6
2225,49 30 25 26 23 24 31
2053,27 50 51 26 23 24 22
306,2 3 23 29 42 38
2316,37 21 27 28 28
374,21 25 26 2 7 8 3 5 6
857,1 2 3 23 24 22 22
871,27 27 27 28 28
514,4 2 3 23 40 15 22
2090,27 27 27 32 33 24 31
1987,27 32 26 23 24 22 28
1609,37 27 21 22
811,18 15 22 22
2903,27 32 26 23 24 22 22
1187,21 21 30 25 26 23 40 15 22
908,21 32 33 23 24 22 22
2352,37 21 27 28 22
824,1 2 3 23 24 22 28
1048,18 39 26 2 19 20 14 6
1988,30 25 26 32 26 23 24 22 28
1442,2 19 7 8 3 6
999,4 2 3 23 40 15 42
2158,1 4 2 3 23 24 22 38
1451,7 7 8 3
2318,21 27 27 27 28 28 22
165,1 4 2 3 23 24 22 28
1425,18 15 22 28
2959,12 7 8 3 5 17 6
146,4 2 19 19 20 20 3 6
292,4 2 3 23 40 15 38
1758,13 14 15 28 22
151,4 2 19 19 20 20 3 5
214,18 13 7 8 3 6
2873,18 15 22 38
1741,48 45 46 24 31
2408,21 34 26 2 19 20 3 5 17 6
113,1 4 2 3 23 24 22 22
1127,4 2 3 23 40 15 28
2305,27 61 62
1069,30 25 26 23 60 28
1275,12 19 20 20 3
1582,4 2 7 8 20 3 6
2910,1 2 7 8 14 15 22 22
3011,21 21 18 39 26 23 46 44 6
1003,27 30 25 26 23 24 31 28
1940,27 21 18 39 26 23 24 31
1305,21 25 26 32 26 23 33 28
1316,21 32 33 23 40 15
2437,13 19 20 3 5 17
220,18 13 7 8 14
3012,21 21 18 39 26 23 46 44 15
976,30 25 26 23 24 31 42 38
1976,27 30 25 26 23 24 31 38
2384,41 34 26 2 19 20 3 6
1128,2 19 20 10 23 24 31
1315,21 32 33 23 40 6
2387,41 34 26 2 19 20 3 5
1164,21 21 21 22 22
1472,18 13 7 8 8
1996,30 25 26 23 46 23 24 31
2218,19 20 3 5 17 6
219,18 13 7 8 10
1369,2 19 20 10 23 24 22
953,1 4 2 3 23 24 22 58
955,4 2 7 8 3 23 29 55
1406,1 4 2 3 23 46 28
2078,39 40 15 28 53 28
2198,21 21 25 26 23 29 38
2363,32 33 23 29 38
2954,27 21 18 39 26 23 24 22
624,27 30 25 26 23 24 22 28 28
2331,4 2 3 23 40 15 62
2482,27 37 41 27 28
212,18 13 7 8 3
1875,27 27 32 33 23 52 53 55
2808,21 18 39 26 23 60 28 28
2996,21 61 18 13 7 8 3 6
1876,30 25 26 23 52 53 55
2612,21 41 21 25 26 23 24 31
1168,1 39 26 23 40 15 22 22
457,21 50 21 22
890,21 37 27 28
1185,21 21 30 25 26 23 40 6
1362,1 16 4 2 19 20 3 5 17 6
822,30 25 26 23 24 31 38 38
609,30 25 26 2 19 20 3 5 6
1163,21 21 21 21 22
831,37 27 21 25 26 23 24 31 22 38
1297,4 2 7 8 3 23 29 22
2232,30 25 26 23 24 31 38 42
1025,2 19 20 14 15 22
1927,21 21 34 26 32 33 33 28
2745,21 32 33 23 33 22
756,30 25 26 23 52 53 28
2571,41 27 28 28 42 38 38
777,2 19 20 14 15 28
885,27 27 21 25 26 23 29 38 38
2031,1 57 18 13 7 8 3
2035,21 21 25 26 23 33 23 24 22
2831,1 39 26 12 7 8 10 23 40 15
1689,30 25 26 12 19 20 14
688,41 27 28
814,27 21 25 26 23 40 15 22 22
389,4 2 7 8 10 23 40 15
298,2 3 23 29 38 38
1093,30 25 26 12 19 20 3
2830,1 39 26 12 7 8 10 23 40 6
1645,37 30 25 26 23
2362,32 33 23 29 38 38
386,4 2 7 8 10 23 40 6
1448,4 2 7 8 8 9
2936,1 16 4 2 7 8 3 5 6
2315,37 21 27 28 28 22 38
2881,21 25 26 23 33 58 22
397,1 39 26 12 7 8 3 6
1466,1 39 26 12 7 8 3 5
2880,21 49 32 33 24 22
228,4 2 7 8 3 5 17
2559,16 4 2 3 23 46 44 6
1473,18 13 7 8 8 9
2478,30 31 22 42
1955,27 21 18 39 26 23 46 44 6
2039,1 39 26 23 33 23 24 31
33,4 2 7 8 3 5 6
1515,30 31 22 38
2282,37 18 39 26 23 40 15 38
1666,27 27 27 32 33 23 24 31
2558,16 13 19 20 14
1242,30 31 22 28
741,11 7 19 20 3
2581,16 4 2 3 23 29 42 38
773,16 13 19 20 3
696,11 7 19 20 8
2235,21 49 32 33 23 29
464,30 31 22 22
1085,11 7 19 20 10
2562,16 4 2 3 23 46 44 15
1894,30 25 26 23 24 31 38 22
887,21 22 28 28 38
248,37 21 22
2261,30 25 26 23 24 31 38 28
381,37 34 26 2 7 8 3
922,37 27 27 28
1871,1 39 26 12 19 20 14 15 58 22
1793,18 15 28 28
1883,21 30 25 26 23 24 55
1893,21 37 30 31
675,21 32 26 23 24 22
1156,18 15 28 22
2034,21 21 25 26 23 33 28
2599,21 25 26 12 19 20 14 6
2472,1 2 19 20 14 15 38 38
2634,27 21 30 25 26 23
1186,21 21 30 25 26 23 40 15
2370,27 21 25 26 23 33 23 29 38
2009,4 2 7 35 36 20 3 5 6
698,27 32 26 2 19 20 3
2660,27 32 26 23 24 31 38
3027,16 4 2 19 19 20 3
210,18 13 7 8 14 6
2868,50 34 26 2 19 20 3
2178,27 27 27 21 22
3047,43 45 46 47
1074,41 30 31
211,18 13 7 8 14 15
767,1 13 19 20 14 17
2429,1 39 26 23 29 28 28 28
1103,13 7 8 14 17 6
2251,2 3 23 33 58 22
314,37 27 28 22
1284,37 34 26 2 19 20 14 15
616,27 32 26 23 24 31 28
909,1 2 3 23 24 31 38
869,37 27 27 28 28 38
1503,27 32 26 23 24 31 22
1990,27 21 25 26 23 40 15 28
85,1 13 19 20 14 15
2529,37 27 27 28 28 42
1658,37 21 25 26 23 46 44 6
1672,21 25 26 32 33 23 24 22
2713,21 32 33 24 31
2812,27 21 18 39 26 23 33 28
1659,37 21 25 26 23 46 44 15
36,4 2 7 8 3 6
34,4 2 7 8 3 5
2233,1 2 3 23 24 31 58
685,27 32 26 2 19 20 3 6
84,1 13 19 20 14 6
800,27 21 25 26 23 40 15 22
2290,2 3 23 33 58 38
2410,13 19 20 3 5 17 6
2651,27 21 25 26 32 33 23 24 22
920,18 15 28 38
46,1 16 4 2 3 5 17 6
1783,1 57 18 13 19 20 3
102,18 13 19 20 3 5
1655,48 45 46 33 28
1562,21 30 25 26 23 24 22 38
176,21 30 25 26 23 24 22 28
2164,37 30 25 26 23 24 31 22 38
2277,21 18 39 26 23 40 15 38
1531,27 21 25 26 23 40 15 38
48,1 16 4 2 3 5
2333,21 25 32 26 32 33 23 24 22
574,54 34 26 2 19 20 3 5 6
2460,1 2 7 8 10 23 29 22
717,18 39 26 23 40 17
3046,43 45 46 28
591,37 37 30 31 22 38 38
1170,1 39 26 23 33 58 22
304,18 39 26 23 40 15
2837,2 7 8 14 15 38
899,21 30 25 26 23 24 22 22
1107,18 13 7 8 14 17
1218,49 32 26 2 19 20 3
1219,1 2 3 23 24 31 28
1283,37 34 26 2 19 20 14 6
2626,37 30 25 26 23 24 31 22 22
1874,27 32 33 23 52 53 55
2275,21 18 39 26 23 40 15 22
1588,18 43 45 46 23 24 22
1396,27 50 27 32 33 24 47
2267,21 18 39 26 23 40 15 28
303,18 39 26 23 40 6
919,37 27 28 38
856,1 2 3 23 24 31 22
759,27 30 25 26 23 29
145,4 2 19 19 20 20
289,1 4 2 3 23 40 15
903,30 25 26 2 7 8 3 5 6
1692,18 43 45 46 23 24 31
2618,21 27 27 32 33 23 24 31
359,16 4 2 7 8 3 6
340,21 50 27 28
2107,16 4 2 7 8 3 5
288,1 4 2 3 23 40 6
1813,27 27 30 25 26 23 24 31
1280,4 2 19 19 20 10
2803,27 27 59 60 23 24 31
666,37 37 27 32 33 23 29 22
1282,4 2 19 19 20 3
2120,37 41 37 41 42
1795,18 15 28 53 28
344,50 51 26 23 40 15 42
1428,30 31 28 22
1997,30 25 26 45 26 23 33 28
42,1 2 3 5 17 6
1647,1 43 45 46 28 28
484,1 13 19 20 10 23 40 15
835,27 27 28 28 38 38
181,27 21 25 26 32 33 23 24 31
725,1 13 19 20 10 23 40 17
1664,26 32 45 26 23 24 22
375,21 25 26 2 7 8 3 5
1848,37 18 39 26 23 60 28
372,21 25 26 2 7 8 3 6
2684,2 3 23 29 53 28
2341,37 37 21 22 38
1663,26 32 45 26 23 24 31
842,37 27 27 32 26 23 24 31 38
2219,16 4 2 19 19 20 20
1005,27 30 25 26 23 24 31 22 22
2434,1 13 19 20 3 23 29 38
1754,1 16 13 7 8 3 5 6
1885,27 27 27 32 33 23 52 53 55
2847,11 7 7 8 3 5 6
2856,27 27 59 60 23 24 47
949,27 27 30 25 26 23 24 22
1322,18 39 26 23 24 31 38 38
575,54 34 26 2 19 20 3 5
1797,30 31 28 53 28 28
572,54 34 26 2 19 20 3 6
1068,27 50 18 39 26 23 60 23 24 31
2485,30 31 28 42
2828,30 31 28 53 28 22
1067,27 50 18 39 26 23 60 28
1631,27 30 25 26 23 33 28 28
2112,21 25 26 23 24 31 22 22
1137,1 39 26 23 29 53 42 38
2548,30 31 28 38
543,21 27 21 25 26 23 33 23 24 22
183,1 4 2 3 23 33 28
1530,37 27 21 25 26 23 40 15 38
2603,41 27 21 22
1918,1 4 2 3 23 33 29
1617,1 39 26 23 29 62 28 22
2280,37 37 18 39 26 23 40 15 38 38
1329,37 30 25 26 32 33 23 24 31 38
2350,37 37 21 27 28 22
944,30 31 28 28
678,1 4 2 3 23 33 22
995,27 32 26 23 24 31 42 38
1880,21 25 26 23 24 31 22 38
2810,27 21 18 39 26 23 60 28 28
132,1 4 2 19 20 20
313,1 43 44 15
2007,1 4 2 7 35 36 20 3
665,37 27 28
2015,27 32 33 29 42 22
2255,18 13 19 19 20 14 6
1098,1 13 19 20 10 23 40
1268,1 13 19 20 20 3
2013,2 7 35 36 20 3 5 6
1097,18 13 19 20 10 23 40
1165,21 21 21 21 22 22
1251,27 21 30 25 26 23 24 31 22 28
2342,37 21 22 38 38
70,1 4 2 19 20 3
316,37 27 32 33 23 24 22
190,2 19 35 36 20 3 6
196,2 19 35 36 20 3 5
1521,37 37 32 33 24 31 22 38
460,21 21 50 21 22
2140,21 21 25 26 23 40 6
2802,30 31 28 53 28 47
2857,21 27 18 39 26 23 60 28
1559,37 37 21 21 22
2141,21 21 25 26 23 40 15
330,49 50 51 26 23 52 53 28
578,1 4 2 19 20 14
1388,30 31 28 58
1082,1 4 2 19 20 8
117,1 4 2 19 20 10
1540,1 39 26 23 46 44 15
1455,2 7 8 14 15 22
1457,21 18 13 7 8 10
1011,2 19 19 20 20 3
2950,1 39 26 23 40 15 28 28
1142,37 41 37 38 28
1539,1 39 26 23 46 44 6
2206,37 37 30 25 26 23 24 22 22
1337,37 27 32 33 23 24 31
20,11 7 8 3
18,11 7 8 10
947,49 21 25 26 23 24 31
1456,21 18 13 7 8 3
17,11 7 8 9
2202,49 18 13 19 20 3
2100,39 26 23 60 28 53 28
2490,37 37 27 32 33 23 24 31
600,37 37 30 25 26 23 29
2543,18 39 26 2 19 20 20 3 5 6
927,49 21 25 26 23 24 22
2537,1 39 26 2 19 20 20 3 6
91,18 13 19 20 3 6
180,21 25 26 32 33 23 24 31
680,21 25 26 23 40 15
989,18 39 26 23 33 28
958,54 34 26 2 7 8 14 15
2226,49 30 25 26 23 24 31 42 38
509,18 39 26 23 33 22
679,21 25 26 23 40 6
2119,41 37 38
1330,37 30 25 26 32 33 23 24 31 22
481,11 7 19 20 10 23 40 6
743,27 18 13 19 20 14 6
1136,11 7 8 14
1215,1 4 2 3 23 33 58
913,16 39 26 12 19 20 3 6
482,11 7 19 20 10 23 40 15
744,27 18 13 19 20 14 15
853,4 2 19 20 3 5 17
2552,27 30 25 26 32 33 23 24 31 28
957,54 34 26 2 7 8 14 6
74,4 2 19 20 3 5 6
2413,37 30 25 26 23 40 15 22
2455,12 19 20 14 15 28 22
1102,18 13 7 8 14 17 6
2356,37 37 27 32 33 23 40 6
2348,37 27 28 22 38 38
295,1 4 2 3 23 29 38
599,37 30 31
1279,1 4 2 19 19 20 3 6
1594,21 25 26 2 19 20 3 5 17
2310,1 39 40 15 62
310,1 4 2 3 23 29 42
105,1 13 19 20 14
233,1 4 2 3 23 29 28
1925,21 21 34 26 32 33 23 29 22 22
1971,27 18 39 26 23 60 23 24 31
2924,27 34 26 12 7 8 3
1826,1 4 2 3 23 29 31
2777,11 7 7 8 10 23 40 6
2922,27 34 26 12 7 8 10
1266,1 13 19 20 20
1849,21 37 18 39 26 23 60 28
1727,1 39 26 12 7 8 14 6
2220,16 4 2 19 19 20 20 3 6
237,1 4 2 3 23 29 22
2687,27 27 27 28 28 42 38
2778,11 7 7 8 10 23 40 15
195,2 19 35 36 20 3 5 6
1728,1 39 26 12 7 8 14 15
2177,27 30 50 27 21 22
2861,27 18 39 26 23 60 23 24 47
1619,18 39 26 23 29 62
884,21 25 26 23 29 38 38
1752,1 39 26 12 7 8 14 17
2976,1 39 40 15 56
1586,1 4 2 19 7 8 14 15
270,1 39 40 15
1579,1 4 2 7 8 20
1800,1 39 40 15 28 28 28
1912,27 32 26 23 33 24 22
268,18 15 38 38
446,54 34 26 2 7 8 3
1227,16 13 7 8 3 6
1491,30 31 53 28 28 28
1757,16 13 7 8 3 5
31,1 4 2 7 8 3
2270,21 30 25 26 23 33 28 28 28
1335,27 27 32 33 23 24 31
1815,27 30 25 26 23 24 31 28 28
2439,1 39 26 12 19 20 3 5
1024,1 39 26 12 19 20 3 6
2502,27 28 42 38 38
1839,18 15 38 22
1585,1 4 2 19 7 8 14 6
400,1 4 2 7 8 14
1445,1 4 2 7 8 8
1037,1 4 2 7 8 10
475,18 13 19 20 8 9
121,12 19 20 3 5
2414,30 25 26 23 40 15 22
2447,49 32 33 23 33 23 29
94,12 19 20 3 6
2200,18 13 19 20 14 15 58
556,18 39 26 23 40 15 22
1239,21 21 18 13 19 20 14 15 22
2549,27 30 25 26 23 24 31 28 38
2935,21 21 18 13 7 8 3 5
1182,21 30 25 26 23 33 58 22 22
1214,1 2 3 23 33 23 29
1687,1 13 19 20 10 23 33 28
2334,21 25 32 26 32 33 23 24 22 22
189,2 19 35 36 20
1638,18 13 19 20 14 15 38
1522,18 43 45 46 23 33 38
1747,27 45 26 2 19 20 3 6
2258,1 2 19 20 8
1652,27 27 45 46 33 28 38
611,1 2 19 20 10
1411,18 39 26 23 29 22
2895,1 2 7 8 3 23 24 22
63,1 2 19 20 3
2093,27 27 27 32 26 23 24 31
223,12 7 8 14 6
179,21 30 25 26 32 33 23 24 31
2175,21 22 28 53 31 28
2069,21 27 50 51 26 23 52 53 28
338,1 39 40 15 42
1915,34 32 26 23 33 24 22
224,12 7 8 14 15
272,1 39 40 15 38
577,54 34 26 2 19 20 14 15
2799,27 21 27 28 53 28
136,4 2 19 20 20 3 6
568,1 2 19 20 14
924,37 49 21 25 26 23 24 22
2912,21 21 18 13 7 8 3 6
124,21 25 26 2 19 20 3 5 6
473,1 13 19 20 8
765,18 13 19 20 14 17 6
553,1 4 2 3 23 29 55
576,54 34 26 2 19 20 14 6
86,1 13 19 20 10
129,1 2 19 20 20
2099,18 39 26 23 40 15 28
2161,37 49 21 25 26 23 24 31
1770,27 27 50 27 28 53 28 28 28
1899,11 7 35 36 8 14 6
1119,1 39 40 15 28
2942,18 39 26 23 40 15 38
93,1 13 19 20 3
2989,21 21 18 39 26 23 33 33 28
506,1 39 40 15 22
1777,37 21 30 25 26 23 24 31
2758,21 27 27 27 28 28
89,18 13 19 20 14 15
993,41 18 39 26 23 33 24 31
2780,50 34 26 2 7 8 3
1495,21 25 26 23 24 22 28 28
1307,27 32 26 2 7 8 3
88,18 13 19 20 14 6
423,27 34 26 2 7 8 3 5 6
2602,21 41 27 21 22
2607,21 25 26 23 24 22 28 42
1176,21 25 26 32 26 23 24 31
945,30 31 28 53 28
929,21 25 26 23 24 22 28 38
153,2 19 19 20 14 6
2631,27 18 39 26 23 24 31 22 28
154,2 19 19 20 14 15
2768,37 37 30 25 26 23 24 31 38
2344,37 27 18 39 26 23 29 22 38 38
1123,27 18 39 26 23 52 53 28
2783,37 21 27 27 28 22
728,16 39 26 12 19 20 14 15
258,37 21 30 25 26 23 24 22
483,1 13 19 20 10 23 40 6
727,16 39 26 12 19 20 14 6
2700,27 27 27 28 28 38 42
1867,1 13 7 8 10 23 24 31
716,18 39 26 23 40 17 6
2750,41 18 39 26 23 33 23 33 22
2027,18 13 7 8 14 15 56 6
468,1 4 2 3 23 24 31
1911,27 32 26 23 33 28 28
2024,1 2 3 23 33 28 22
13,4 2 3
2165,30 31 38 28
2111,21 21 18 39 26 23 24 31 22 22
2622,1 13 7 8 10 23 24 22
116,1 4 2 3 23 24 22
229,2 7 8 3 5 17 6
1593,21 25 26 2 19 20 3 5 17 6
1678,21 22 28 53 28 53
335,18 15 42 38
140,2 19 20 20 3 5 6
1841,30 31 38 22
2072,37 27 50 51 26 23 24 31 38
1453,11 7 7 8 3 6
2003,1 4 2 7 35 36 20
546,34 26 32 26 23 29
2848,11 7 7 8 3 5
2938,21 27 32 26 23 24 22
1715,41 27 28 28
1600,21 27 32 26 23 24 31
1882,37 21 30 25 26 23 24 55
2304,21 25 26 23 46 28
1682,21 22 28 53 28 38
660,4 2 19 35 36 20 3
1254,21 25 26 23 24 22 28 22
2525,41 27 28 38
657,4 2 19 35 36 20 3 6
768,18 13 19 20 14 17
1782,4 2 19 35 36 20 3 5
2644,27 27 32 33 23 29 22
2127,37 41 18 13 19 20 3 6
2320,37 21 27 27 27 28 28 22
2887,11 7 35 36 20
5,1 2 3 5
474,1 13 19 20 8 9
606,34 26 2 19 20 3 5
2566,37 37 41 27 28 28 42 38 38
2965,30 25 26 32 26 23 24 31 28
557,18 39 26 23 24 31
603,34 26 2 19 20 3 6
1062,27 50 21 50 27 28
2286,1 13 19 20 3 23 24 31
2389,18 13 7 8 14 15 28
1040,11 7 35 36 8
1749,48 45 26 2 19 20 3
2632,27 21 30 25 26 23 24 31 28 22
1152,21 49 32 33 23 24 22 22
2594,21 21 18 39 26 23 33 28 22
683,18 39 26 23 24 22
2375,30 31 38 38
2930,18 13 7 8 14 15 22
2074,37 27 50 51 26 23 24 31 22
2511,27 27 28 28 42 38
409,41 34 26 2 7 8 3 5
1979,37 37 30 25 26 23 24 31 22
1500,30 25 26 32 26 23 24 31 38
406,41 34 26 2 7 8 3 6
267,37 37 38
596,37 27 21 25 26 23 24 31 38 38
1608,27 27 21 25 26 23 24 31 22 38
2160,37 49 21 25 26 23 24 31 38 38
2254,1 2 19 20 3 23 40 6
2864,2 19 35 36 20 14 6
2917,1 2 7 8 10 23 40 15
1480,34 26 2 7 8 14 6
2222,37 41 37 30 31
2613,41 21 25 26 23 24 31
889,37 38 22
1462,1 2 7 8 10 23 40 6
2420,30 25 26 32 33 33 28
1481,34 26 2 7 8 14 15
454,1 13 19 35 36 8 9
1642,37 38 28
1771,27 27 50 27 32 33 29
447,54 34 26 2 7 8 3 5 6
461,21 21 50 21 22 22
1222,16 13 7 8 14 17 6
2097,49 30 25 26 23 40 15
2349,37 27 28 22 38
283,21 30 25 26 23 24 31 38 38
2248,34 26 32 26 23 40 6
149,1 4 2 19 19 20 20 3 5 6
2,2 3
1177,21 25 26 32 26 23 24 31 22 22
1379,21 25 26 23 24 31 42 38
1735,37 27 30 25 26 23 29
96,1 2 19 20 14 15
2301,27 21 25 26 23 46 44 6
1339,37 38 38
2827,21 27 50 27 28 22
1960,21 21 18 39 26 23 33 28
1243,30 31 22 28 53
2988,21 21 18 39 26 23 33 29
2249,34 26 32 26 23 40 15
2690,37 38 42
936,37 27 21 25 26 23 40 15 28 38
2788,37 38 47
1553,37 21 25 26 23 40 15 38
347,41 18 39 26 23 29 28
1197,21 27 18 39 26 23 40 15 56 6
2871,18 15 22 22 38
661,4 2 19 35 36 20 3 5 6
1574,21 21 30 25 26 23 33 23 40 6
309,1 4 2 3 23 29 42 38
1640,37 18 13 19 20 3 6
1633,27 30 25 26 23 33 23 24 31
2302,27 21 25 26 23 46 44 15
868,37 27 27 28 28 38 38
2550,37 37 27 32 33 23 24 31 28
2948,18 15 22 22 22
187,21 34 26 2 19 20 3 5 6
974,30 31 42 38
1862,26 32 26 45 26 23 24 31 38 22
886,27 27 21 25 26 23 29 38
1443,2 19 7 8 3
2364,37 37 34 26 32 33 23 33 28 38
2897,21 21 25 26 23 24 22 28 42
536,37 34 26 32 33 33 28 53 28
729,39 26 12 19 20 3
202,2 7 8 14 6
1063,30 31 53 28 53 22
1441,2 19 7 8 10
2714,21 32 33 24 31 28
547,4 2 19 20 3 23 40 6
2544,18 39 26 2 19 20 20 3 5
1954,21 18 39 26 23 46 44 6
1674,30 31 42 22
2335,37 37 27 21 22
2409,21 34 26 2 19 20 3 5 17
3010,21 18 39 26 23 46 44 15
1796,1 39 40 15 28 53 28
2541,18 39 26 2 19 20 20 3 6
1485,19 19 20 10
3002,30 25 26 32 26 23 33 28 28
706,4 5
2513,37 41 30 25 26 23
1416,16 4 2 3 23 29 22
204,1 4 2 7 8 14 6
2636,27 30 25 26 23
1348,30 25 26 32 26 23 33 28 38
1034,37 37 27 27 28 28 38
1232,1 2 19 20 10 23 40 6
1471,1 13 7 8 8 9
1318,21 22 28 28 38 38
1854,21 37 30 25 26 23 33 23
1199,27 18 39 26 23 40 15
2411,1 2 3 23 29 22 22
1405,1 4 2 3 23 46 44 15
2091,27 27 27 27 32 33 24 31
305,37 41 42
2672,18 39 26 2 7 8 3 6
2380,1 4 2 3 23 29 42 22
883,27 27 21 25 26 23 24 31 22
1404,1 4 2 3 23 46 44 6
854,16 4 2 19 20 3 5 17 6
892,21 22 28 28 38 22
1509,48 45 46 23 24 31
1634,61 34 26 2 19 20 3 6
2701,1 2 3 23 29 22 38
2748,37 41 18 39 26 23 33 23 33 22
1482,19 19 20 20
1198,27 18 39 26 23 40 6
76,1 2 19 20 14 6
882,27 27 21 25 26 23 24 31 38
1591,48 45 46 23 24 22
1706,21 21 18 13 19 20 3
1892,21 37 37 30 31
2717,21 32 26 23 29
2501,18 39 26 23 24 31 22 22
960,18 39 26 12 19 20 14 17 6
1525,27 45 46 23 33 38 38
1106,1 13 7 8 14 17
1832,1 2 3 23 29 28 55
2514,41 30 25 26 23
1029,27 27 21 25 26 23 24 31
2735,1 39 26 23 33 28 28 42
994,41 18 39 26 23 24 31
2000,1 13 7 8 10 23 33 28
2526,37 41 27 27 28 28 42 38
2860,27 18 39 26 23 60 28 28
1257,21 27 21 25 26 23 24 31 22
905,27 27 21 25 26 23 24 22
1873,54 50 51 26 23 29
594,21 25 26 23 24 31 38 38
131,2 19 20 20 3 6
1520,37 37 32 33 24 31 22
1870,21 25 26 2 7 8 14 6
141,2 19 20 20 3 5
2669,1 4 2 7 8 3 23 40 6
208,1 13 7 8 14 6
489,1 39 26 12 19 20 14 15
199,7 8 3 6
1026,1 2 19 20 14 15 22
962,1 39 26 12 19 20 14 17
1356,37 41 30 25 26 23 24 22
2426,21 25 26 2 7 8 14 15
209,1 13 7 8 14 15
488,1 39 26 12 19 20 14 6
827,21 27 21 25 26 23 24 31 38
2728,21 30 25 26 23 24 31 42 38
776,1 2 19 20 14 15 28
1249,27 21 30 25 26 23 24 31
55,1 16 4 2 3
1721,21 21 25 26 23 33 28 42 38
1417,18 39 26 2 19 20 3 5 6
1091,18 13 19 20 10 23 24 31
1711,1 2 19 20 14 15 38
1573,27 32 33 23 46 31
2212,18 15 22 53 22 22
2627,26 32 33 33 28
3004,1 2 3 23 29 28 22
2132,21 18 13 19 20 14 15 22 22
977,37 41 30 25 26 23 24 31
87,1 13 19 20 3 6
708,16 39 40 15
184,1 13 19 20 3 5
742,18 13 19 20 14 15 28
893,21 37 50 21 22
2067,37 34 26 23 29
2182,21 30 25 26 23 24 31 42 22
781,18 13 19 20 14 15 22
2579,1 16 4 2 3 23 29 42 38
1710,18 39 26 23 24 31 22 38
1984,21 22 22 22 42 22
2561,1 16 4 2 3 23 46 44 15
1763,21 27 18 13 19 20 14 15
2582,16 4 2 3 23 29 42
1355,37 41 30 25 26 23 24 47
2167,21 25 26 23 24 31 38 28
2473,2 19 20 14 15 38 38
2630,18 39 26 23 24 31 22 28
1731,13 14 15 58 22
1623,16 4 2 3 23 29 38
1372,18 13 19 20 10 23 24 22
2560,1 16 4 2 3 23 46 44 6
2521,37 41 27 45 46 47
1967,21 27 30 25 26 23 24 31
1233,1 39 26 12 19 20 3 5 6
2723,37 41 18 39 26 23 40 15
1762,21 27 18 13 19 20 14 6
981,41 30 25 26 23 24 31 42 38
252,21 30 25 26 23 24 31 38
2183,21 30 25 26 23 24 31 42
2722,37 41 18 39 26 23 40 6
194,2 19 35 36 20 3
1675,21 41 30 25 26 23 24 31
1651,27 27 45 46 47
2285,21 30 25 26 23 24 31 28
2662,37 30 25 26 32 33 23 29
364,21 34 26 2 7 8 3 6
1217,49 32 26 2 19 20 3 6
1162,21 21 21 22
715,16 39 26 23 40 6
451,21 34 26 2 7 8 3 5
174,21 30 25 26 23 24 31 22
714,16 39 26 23 40 15
2971,27 34 26 2 19 20 3 5 6
713,16 39 26 23 40 17
967,21 21 22 42
2174,21 22 28 53 31
1739,27 45 46 24 31
1245,21 22 28 53 28
1476,11 7 7 8 14 6
1696,21 21 30 25 26 23 40 15 42 38
125,21 25 26 2 19 20 3 5
2393,27 18 13 7 8 14 15 28
122,21 25 26 2 19 20 3 6
1477,11 7 7 8 14 15
1723,21 21 25 26 23 33 28 28
2131,21 21 22 28
1000,21 21 22 22
1303,27 32 26 23 33 28
2133,21 21 18 13 19 20 3 6
1722,21 21 25 26 23 33 28 42
2522,41 27 45 46 47
2567,37 37 41 27 28 28 42 38
1446,1 4 2 7 8 8 9
2666,27 30 25 26 32 33 33 23 40 15
4,1 2 3 5 6
318,21 27 32 33 23 24 22
898,27 27 21 25 26 23 24 31 38 22
1105,1 13 7 8 14 17 6
1904,34 26 32 26 23 24 31 22
990,37 41 18 39 26 23 33 28
2517,41 27 27 32 33 23 24 31 42
2882,27 21 25 26 23 33 58 22
1811,27 30 25 26 23 40 15 28 28
43,1 2 3 5 17
260,21 25 26 23 29
570,4 2 19 20 3 23 29 55
619,34 26 32 26 23 24 31 28
1058,18 15 53 28
2057,21 25 26 2 19 20 14 15
2747,37 41 18 39 26 23 33 22
2371,21 25 26 23 33
37,1 4 2 7 8 3 6
847,34 26 32 26 23 24 31 38
2457,21 27 18 13 19 20 3 5
2056,21 25 26 2 19 20 14 6
2456,21 27 18 13 19 20 3 6
35,1 4 2 7 8 3 5
839,37 37 27 27 32 33 23 29
1353,34 26 32 26 23 24 31 42
2340,37 37 21 22 38 38
1488,11 9
1775,21 27 32 33 23 24 31
215,1 13 7 8 3 6
442,1 13 7 8 3 5
528,27 50 27 32 33 33 53 28
517,27 50 27 28 53 28
1276,12 19 20 20 3 5 6
2583,1 16 4 2 3 23 29 38 42
2795,37 27 21 27 28 53 28
2076,37 27 50 51 26 23 52 53 28 38
1898,1 13 7 8 3 23 24 31
1154,21 21 49 32 33 23 24 22 22
740,11 7 19 20 3 6
623,27 30 25 26 23 24 22
1231,11 7 19 20 3 5
2424,1 13 7 8 3 23 24 22
1887,54 25 26 2 19 20 3
1002,27 30 25 26 23 24 31
2346,37 37 27 28 22 38 38
2373,13 7 8 3 5
1541,18 39 26 23 46 44 6
390,1 13 7 8 10 23 40 6
1494,21 21 18 39 26 23 24 31 22
1542,18 39 26 23 46 44 15
188,21 34 26 2 19 20 3 5
185,21 34 26 2 19 20 3 6
2870,27 27 21 25 26 23 24 22 22
1732,1 13 14 15 58 22
2556,41 27 45 46 23 33 28 38
1788,37 37 30 25 26 23 24 31
2102,27 18 39 26 23 60 28 53 28
1855,27 27 45 46 23 24 31
142,2 19 19 20 20
522,27 50 32 33 23 29 22
1514,30 25 26 45 26 23 29
2635,21 27 30 25 26 23
734,18 15 56 6
906,27 27 21 25 26 23 24 22 28
2209,21 21 25 26 23 24 22 22 22
1324,37 18 39 26 23 24 31 38 38
1816,27 27 30 25 26 23 33 28
405,13 7 8 3 6
2902,41 27 32 26 23 24 22 22
2755,27 27 21 25 26 23 24 22 38
53,4 2 3 5 17 6
3043,13 14
285,37 37 30 25 26 23 24 22
1313,21 34 32 26 23 29
2339,37 37 37 21 22 38
932,27 27 21 25 26 23 40 15
1790,27 27 50 27 27 28
353,11 7 8 3 5 6
1366,21 21 30 25 26 23 29
521,27 50 32 33 23 29 38
1891,21 37 37 38 22
931,27 27 21 25 26 23 40 6
29,2 7 8 3 5
26,2 7 8 3 6
2397,1 13 7 8 14 15 28
638,4 2 19 20 3 23 33 28
1272,18 13 19 20 20 3 5 6
411,41 34 26 2 7 8 3 5 17
2491,1 39 26 23 33 28 38 38
408,41 34 26 2 7 8 3 5 6
1824,1 2 3 23 29 31 22
1792,18 15 28 28 53 28
2931,1 13 7 8 14 15 22
2329,61 18 39 26 23 46 44 15
221,1 13 7 8 14
810,21 21 21 25 26 23 24 31 22
1730,18 15 58 22
874,21 22 28 28 28 38
1465,1 39 26 12 7 8 3 5 6
1064,30 31 53 28
1426,21 21 27 28
299,1 4 2 3 23 29 38 38
1395,27 50 27 50 27 28
2792,21 27 28 53 28 47
1053,27 27 21 22
2241,26 32 26 23 24 31
809,21 21 21 25 26 23 24 31 38
2468,21 27 21 25 26 23 24 22 55
2043,21 34 26 2 7 8 14 6
2844,13 7 8 8 9
604,34 26 2 19 20 3
2759,21 22 28 28 28 22
95,12 19 20 3
1311,37 27 32 33 29 22
2528,37 27 27 28 28 42 38
2279,37 37 18 39 26 23 40 15
2664,37 30 25 26 32 33 33 28
697,11 7 19 20 8 9
157,2 19 19 20 3
2242,26 32 26 23 24 31 38
663,12 19 20 10
155,2 19 19 20 10
2278,37 37 18 39 26 23 40 6
2271,21 30 25 26 23 33 28 28
772,16 13 19 20 3 6
775,16 13 19 20 3 5
1078,1 2 19 20 20 3
2918,21 21 22 22 22
1961,27 18 39 26 23 33 28
2114,21 30 25 26 23 33 28 22
2044,21 34 26 2 7 8 14 15
2328,61 18 39 26 23 46 44 6
1115,21 27 21 25 26 23 24 22 22
147,4 2 19 19 20 20 3
391,1 13 7 8 10 23 40 15
2815,49 21 25 26 23 24 31 38 38
431,21 27 21 25 26 23 24 22 28
2323,27 27 27 28 28 22
2129,41 18 13 19 20 3 6
1801,27 27 27 28 28 28
143,1 4 2 19 19 20 20
456,16 17
1483,19 19 20 14 6
1993,27 32 26 23 40 15
2030,1 57 18 13 7 8 3 6
2538,1 39 26 2 19 20 20 3
2890,7 35 36 20 3 6
1265,1 2 19 20 3 23 24 31
1592,48 45 46 23 24 22 38
1992,27 32 26 23 40 6
704,7 8 14 6
1278,1 4 2 19 19 20 10
2205,21 25 26 32 33 23 24 22 22
441,13 7 8 3 5 6
1223,16 13 7 8 14 17
1791,27 50 27 27 28
2586,1 2 19 20 3 23 24 22
645,37 30 25 26 23 24 22 28 22
1112,16 13 7 8 14 15
1560,30 31 22 22 38
1665,27 27 27 28 28 38
946,21 25 26 23 24 31 28 28
764,12 19 20 14
2400,27 45 26 23 24 22
2688,27 27 27 28 28 42
111,21 21 22
1935,37 41 30 31 42
2265,27 50 27 28 22
2646,27 27 32 33 33 23 29 22
104,16 4 2 19 20 3
1273,12 19 20 20
1484,19 19 20 14 15
2993,1 13 14 15 62 22
1932,18 15 22 28 28
2997,21 61 18 13 7 8 3
24,1 2 7 8 3
449,1 2 7 8 10
2427,21 18 39 26 23 29 28 28
1680,27 50 27 28 38
398,1 2 7 8 14
2041,41 30 25 26 32 33 23 24 31
2751,21 32 26 32 26 23 29 38
3023,16 4 2 3 23 24 22
2610,21 25 26 23 24 22 42 22
970,7 8 14 15
1470,1 13 7 8 8
1493,21 21 18 39 26 23 24 31
1578,1 2 7 8 20
218,1 13 7 8 10
238,21 22 22
1319,27 27 21 25 26 23 24 31 38 38
1676,27 50 27 28 53
815,21 21 18 39 26 23 24 22
1111,16 13 7 8 14 6
2021,21 41 34 32 26 23 29 22
2665,27 30 25 26 32 33 33 23 40 6
159,21 22 28
969,21 25 26 23 24 22 42 38
213,1 13 7 8 3
57,18 15
2126,30 31 22 22 22
1351,30 25 26 32 26 23 24 31 42 38
2186,21 30 25 26 23 24 31 22 22
2991,18 15 62 22
1668,37 27 27 32 33 23 24 31 38
1772,34 26 32 33 29
247,21 22 38
1534,37 18 39 26 23 24 22
965,21 22 42
1248,21 30 25 26 23 24 31 22 28
2307,18 15 62 28
450,21 34 26 2 7 8 3 5 6
2412,37 18 39 26 23 24 31
2675,26 2 7 8 3 6
2678,26 2 7 8 3 5
60,19 20 3 6
127,19 20 3 5
3014,1 2 3 23 46 44 6
1774,30 31 22 22 53 22
2294,21 22 55
2379,1 2 3 23 29 42 22
2786,27 27 28 22 38
3019,21 22 56
916,21 22 58
3015,1 2 3 23 46 44 15
1358,41 30 25 26 23 24 22
1237,21 21 18 13 19 20 14 6
3028,19 20
2292,4 2 3 23 33 58 38
873,37 27 27 27 28 28
1238,21 21 18 13 19 20 14 15
1686,13 19 20 10 23 33 28
2084,27 27 28 28 28 22 58
2454,21 34 26 2 19 20 14 15
841,37 27 27 32 26 23 24 31 38 38
2862,2 19 20 20 14 6
2946,21 21 21 22 28 28
2797,48 37 27 21 27 28 53 28
2253,4 2 3 23 33 58 22
2904,34 26 32 26 23 24 22 22
327,27 45 46 23 33 28 22
2509,41 27 27 28 28 42 38
2765,37 37 18 39 26 23 24 22 38
1286,1 13 19 20 20 3 5 6
2453,21 34 26 2 19 20 14 6
2601,21 22 28 42 22
2785,27 27 28 22
640,4 2 19 20 3 23 24 31
900,21 21 25 26 23 29
326,27 45 46 23 33 28 38
1382,41 27 21 25 26 23 24 31 42
894,37 30 31 22 53 38 22
2064,21 25 26 32 26 23 24 31 38
2816,49 21 25 26 23 24 31 38
550,4 2 19 20 3 23 24 22
816,21 21 18 39 26 23 24 22 22
1952,48 45 46 23 40 15
2049,27 30 50 27 28
1022,16 13 19 20 14 17
1377,21 22 28 42 38
1501,37 30 25 26 23 33 28
1023,16 13 19 20 14 15
526,37 27 50 27 32 33 23 29 38
1224,16 13 7 8 3
1490,27 27 27 28
78,2 19 20 14 15
1178,30 25 26 23 33 58 22
1765,21 27 18 13 19 20 3 5 6
1951,48 45 46 23 40 6
2402,48 45 26 23 24 22 28 28
1171,18 39 26 23 33 58 22
1504,21 25 26 32 26 23 24 31 22
1151,34 26 2 19 20 14
2110,21 21 18 39 26 23 24 22 28
297,1 2 3 23 29 38 38
479,11 7 19 20 14 6
1703,41 18 39 26 23 46 28
110,21 22
393,18 13 7 8 10 23 40 15
1487,16 13 19 20 14 6
1667,37 27 27 32 33 23 24 31
2527,41 27 27 28 28 42
480,11 7 19 20 14 15
861,34 26 32 33 33 23 29
895,21 37 30 31 22 53 38
1045,1 39 26 2 19 20 14 15
2711,27 30 25 26 23 29 53
648,4 2 19 19 20 14 15
2418,21 25 32 26 23 29
2149,37 27 27 28 28 53 28
918,27 27 28 38
1044,1 39 26 2 19 20 14 6
152,4 2 19 19 20 14 6
1317,21 32 33 23 40 15 22
1844,48 25 26 23 24 31 38 22
392,18 13 7 8 10 23 40 6
1764,21 27 18 13 19 20 3
837,27 27 28 28
3056,16 63 30 25 26 23 46 44
881,37 30 31 22 53 38 38
948,49 21 25 26 23 24 31 28 28
996,30 25 32 26 23 24 31
2769,37 41 27 27 32 33 24 31
1209,49 32 33 23 29
1421,18 13 19 35 36 20
844,27 27 32 26 23 24 31 38
1331,30 25 26 32 33 23 24 31 38
2124,1 13 14 15 42 38 42
2441,4 2 3 23 29 53 38
2578,4 2 3 23 29 53 42
2263,27 27 50 27 28 22
2686,4 2 3 23 29 53 28
3055,48 45 46 23 46 28
2853,27 50 27 21 22
452,18 13 19 35 36 8
1079,1 2 19 19 20 14 6
1939,30 25 26 32 33 23 24 31 42
851,1 4 2 19 20 3 5 17 6
137,4 2 19 20 20 3
3040,13 19 20 3 23 24 31
2179,21 22 28 28 53 31
793,21 27 28
1080,1 2 19 19 20 14 15
2153,21 22 28 28 53 28
410,41 34 26 2 7 8 3 5 17 6
687,37 41 27 28
801,1 39 26 23 24 22 28 22
3022,1 16 4 2 3 23 24 22
2782,21 27 27 28 22 38
2650,37 30 25 26 32 33 23 24 31
548,2 19 20 3 23 40 6
77,2 19 20 14 6
1856,27 27 45 46 23 24 31 38
2859,21 27 18 39 26 23 60 23 24 47
2790,21 22 28 38 47
1670,37 30 25 26 32 33 23 24 22
2098,39 26 23 40
2386,41 34 26 2 19 20 3 5 6
549,2 19 20 3 23 40 15
1139,18 39 26 23 29 53 42
2726,41 18 39 26 23 40 15
3013,21 21 18 39 26 23 46 28
2197,21 21 25 26 23 29 38 38
2866,21 21 30 25 26 23 29 53
2591,18 13 7 35 36 8 14 6
2963,34 26 2 7 8 3 5 17 6
2492,18 39 26 23 33 28 38 38
3016,1 4 2 7 8 3 23 24 22
1332,30 25 26 32 33 23 24 31 22
2042,41 30 25 26 32 33 23 24 31 22
2854,27 50 27 21 27 28
1206,1 4 2 7 8 3 23 24 31
1236,2 19 20 14 15 22 22
2466,30 25 26 32 33 23 24 31 28
2563,16 4 2 3 23 46 28
2569,37 41 27 28 28 42 38
2981,57 18 39 26 23 40 15 22
3053,48 45 46 23 46 44
1827,1 4 2 3 23 29 31 22
2822,37 18 39 26 23 29 22
2680,27 27 50 51 26 23 29 22
2169,27 37 30 25 26 23 24 31
243,1 2 3 23 29
1835,1 4 2 3 23 29 28 38
1357,41 30 25 26 23 24 47
1544,21 21 30 25 26 23 33 28
1526,27 45 46 23 33 24 31
2504,37 37 41 27 27 28 28 42 38 38
2570,37 41 27 28 28 42
3034,30 31 64 17
2383,37 30 25 26 23 29 22
2878,37 21 18 39 26 23 40 15 22
1974,21 21 21 27 28
2446,49 32 33 23 33 28
2638,1 4 2 3 23 29 28 28
2512,27 27 28 28 42
1325,21 30 25 26 23 24 22 38 38
3005,1 4 2 3 23 29 28 22
980,41 30 25 26 23 24 31
836,27 27 28 28 38
1385,13 14 15 28
588,21 22 28 38 38
590,37 37 21 22
2172,13 14 15 22
2809,27 21 18 39 26 23 60 28
1141,21 18 39 26 23 29 53 42
649,4 2 19 20 3 23 29 38
3029,13 14 17 6
58,13 14 6
583,13 19 20 10 23 40 6
735,1 13 14 15 56 6
2354,21 27 28 22 38 38
307,1 2 3 23 29 42 38
1076,27 27 28 28 28
1326,37 37 21 25 26 23 29
580,4 2 19 20 10 23 40 6
2398,27 27 28 28 22
59,13 14 15
1051,18 39 26 2 19 20 3 6
1639,37 18 13 19 20 3
2452,34 26 32 26 32 33 23 33 33 28
3030,13 14 17
256,21 30 25 26 23 24 31 22 38
1725,4 2 19 20 3 23 29 22
2932,1 13 7 8 14 15 22 22
3057,16 63 30 25 26 23 46 44 15
2122,18 15 42 38 42 38
1066,27 50 18 39 26 23 24 31
1073,37 41 30 31
2194,13 14 15 58
1834,1 4 2 3 23 29 28 55
1970,27 18 39 26 23 60 28
2489,2 19 20 10 23 40 17
1850,21 37 18 39 26 23 60 23 24 47
1370,13 19 20 10 23 24 22
67,2 19 20 3 5 6
2033,27 30 25 26 32 33 23 24 31
470,2 19 20 3 5 17
1438,1 2 19 7 8 14 6
862,27 32 33 33 28 28
582,2 19 20 10 23 40 15
1196,21 27 18 39 26 23 40 15
1928,21 34 26 32 33 33 28
1851,21 37 18 39 26 23 60 23 24 31
2289,1 2 3 23 33 58 38
1527,48 45 46 23 33 38
1439,1 2 19 7 8 14 15
581,2 19 20 10 23 40 6
1418,1 13 19 35 36 20
1809,27 30 25 26 23 40 6
453,1 13 19 35 36 8
865,2 19 20 8 9
2245,48 45 46 23 33 28
1810,27 30 25 26 23 40 15
512,2 3 23 40 15 22
1334,37 18 39 26 23 33 28
168,27 28
369,34 26 2 7 8 3
22,12 7 8 3
1210,49 32 26 23 29 38
1125,2 3 23 40 15 28
1408,4 2 3 23 46 44 15
1188,21 30 25 26 23 40 6
387,1 4 2 7 8 10 23 40 6
1407,4 2 3 23 46 44 6
2545,21 25 26 2 19 20 3 23 24 22
414,16 4 2 7 8 14
705,12 7 8 10
2381,4 2 3 23 29 42 22
1360,2 3 23 40 15 38
2842,12 7 8 8
724,18 39 26 12 19 20 10 23 40 17
1288,1 2 19 19 20 3 6
494,18 39 26 12 19 20 10 23 40 15
1189,21 30 25 26 23 40 15
1391,21 27 21 25 26 23 33 28 28
2515,37 41 27 27 32 33 23 24 31
388,1 4 2 7 8 10 23 40 15
896,21 37 30 31 22 53 38 22
998,30 25 32 26 23 24 31 42
1195,21 27 18 39 26 23 40 6
491,18 39 26 12 19 20 10 23 40 6
1129,13 19 20 10 23 24 31
2697,41 27 27 27 28 28 38 42 38
1888,54 25 26 2 19 20 3 5 6
2274,27 27 32 33 23 40 15 28
1174,21 18 39 26 23 33 58 22
571,2 19 20 3 23 29 55
3009,37 21 18 39 26 23 24 22 22 38
81,4 2 19 20 14 6
939,37 30 25 26 23 24 31
524,37 27 50 32 33 23 29 22
2369,27 21 25 26 23 33
1180,21 21 30 25 26 23 33 58 22 22
1908,21 25 32 26 23 29 28
2720,1 4 2 3 23 33 24 31
2185,41 30 25 26 23 24 31 22 22
1071,19 20 14 6
2734,27 27 32 33 23 40 15 42
1056,27 21 25 26 23 29
1363,16 4 2 19 20 3 5 17
1607,1 4 2 3 23 33 24 22
222,12 7 8 14
2047,16 4 2 7 8 10
2725,41 18 39 26 23 40 6
28,2 7 8 3 5 6
689,37 41 27 32 33 23 29
361,16 4 2 7 8 3 5 6
1452,11 7 7 8 3
99,1 13 19 20 3 5 17 6
360,16 4 2 7 8 3
230,2 7 8 3 5 17
311,4 2 3 23 29 42 38
1881,37 30 25 26 23 24 55
1966,21 30 25 26 23 24 31 28 22
2835,1 2 7 8 14 15 38 38
3041,1 16 13 19 20 3 23 24 31
2929,16 4 2 7 8 3 5 17
1432,2 7 8 20 3
650,2 19 20 3 23 29 38
2681,2 19 19 19 20 3 6
928,49 21 25 26 23 24 22 28
2125,1 13 14 15 42 38
3039,19 20 14 17
1072,19 20 14 15
504,16 4 2 19 20 3 5 6
2404,30 25 26 45 26 23 24 22 28 28
1094,2 19 20 3 23 29 22
1709,1 39 26 23 24 31 22 38
82,4 2 19 20 14 15
2087,21 27 27 27 27 28 28 28 28
201,1 2 7 8 14 6
169,30 31
2962,37 21 30 25 26 23 29
98,18 13 19 20 3 5 17 6
1294,1 4 2 3 23 29 22 38
2749,41 18 39 26 23 33 22
530,37 27 50 27 32 33 33 53 28 38
1225,1 16 13 7 8 3
2023,41 34 32 26 23 29 22
3038,19 20 14 17 6
1414,16 4 2 3 23 40 6
840,37 27 27 32 33 23 29
50,16 4 2 3 5 17
876,37 50 21 22
802,18 39 26 23 24 22 28 22
1748,48 45 26 2 19 20 3 6
2073,37 27 50 51 26 23 24 31 22 38
1842,48 25 26 23 24 31
240,1 4 2 3 23 29 22 22
992,41 18 39 26 23 33 28
664,37 37 27 28
1817,27 27 30 25 26 23 33 23 24 31
1359,48 25 26 23 24 22
1041,11 7 35 36 8 9
1679,30 25 26 32 33 23 24 22 28
2071,21 27 50 51 26 23 24 31 38
662,1 2 19 20 3 5
62,1 2 19 20 3 6
2683,1 2 3 23 29 53 28
2152,27 27 28 28 53 28 38
2703,37 27 27 32 33 24 31
2933,18 13 7 8 14 15 22 22
1968,21 27 30 25 26 23 24 31 22
2789,48 37 27 28
1926,21 34 26 32 33 23 29 22 22
2486,41 21 30 25 26 23 33 28
523,37 27 50 32 33 23 29 38
198,16 4 2 3 5 6
273,37 37 30 31 22
1700,37 41 18 39 26 23 46 28
655,1 4 2 19 35 36 20
2641,21 34 26 32 33 23 29 22 28
257,37 30 25 26 23 24 22
1931,18 15 22 28 28 28
693,1 4 2 3 23 33 28 42
1281,4 2 19 19 20 3 6
860,34 26 32 33 33 28 28
1434,2 7 8 20 3 5
1431,2 7 8 20 3 6
672,1 4 2 3 23 33 28 38
478,7 19 20 10 23 40 6
1454,1 2 7 8 14 15 22
1047,1 39 26 2 19 20 3 6
1632,27 30 25 26 23 33 28
2554,37 41 27 45 46 23 33 28
2807,21 18 39 26 23 60 28
2347,37 37 27 28 22 38
2416,21 25 32 26 23 33 28
849,1 4 2 3 23 33 28 28
1958,21 21 18 39 26 23 40 15
2451,34 26 32 26 32 33 23 33 23 29
1561,30 31 22 22 38 38
1604,1 4 2 3 23 33 28 22
1694,27 45 46 23 24 31 22
203,2 7 8 14 15
1957,21 21 18 39 26 23 40 6
2118,37 41 37 38
2625,11 7 35 36 8 14
465,21 21 30 25 26 23 24 31
1384,11 7 35 36 8 10
2075,37 27 50 51 26 23 52 53 28
639,2 19 20 3 23 33 28
1340,37 18 39 26 23 40 6
1587,4 2 19 7 8 14 15
791,37 27 21 25 26 23 24 31
1506,27 45 46 23 24 31 38
2442,27 32 33 33 23 29
2781,21 27 27 28 22
2203,49 18 13 19 20 3 5 6
792,37 27 21 25 26 23 24 22
1341,37 18 39 26 23 40 15
1750,18 39 26 12 7 8 14 17 6
2761,21 21 25 26 23 40 15 38 38
2920,1 2 7 8 14 15 38
1440,1 2 19 7 8 10
1570,21 25 26 45 26 23 29
65,2 19 20 3 6
2724,37 41 18 39 26 23 40 15 38
68,2 19 20 3 5
598,37 37 30 31
2752,21 27 27 28 28
217,1 2 7 8 14 15
686,2 19 20 3 23 33 22
1415,16 4 2 3 23 40 15
1435,4 2 19 7 8 14 6
1929,27 21 25 26 23 24 31 42
1828,4 2 3 23 29 31
2210,30 25 26 23 33 23 24 31
234,4 2 3 23 29 28
2863,18 15 22 22 22 22
2941,18 13 7 35 36 8 3 6
3025,19 20 20 3
296,4 2 3 23 29 38
1422,18 13 19 35 36 20 3 6
829,27 21 25 26 23 24 31 38
1982,21 41 21 21 22
2919,2 19 7 8 3 5 6
2836,2 7 8 14 15 38 38
1726,18 39 26 12 7 8 14 6
1302,30 25 26 23 33 23 24 22
2520,18 43 45 46 28 42
167,4 2 3 23 29 22
1753,18 39 26 12 7 8 14 17
1900,27 21 25 26 23 33 22
540,27 21 25 26 23 33 28
1729,18 39 26 12 7 8 14 15
2763,18 39 26 23 24 22 38
1635,61 34 26 2 19 20 3
1845,27 59 60 23 24 47
2667,34 26 32 33 33 23 40 6
702,1 4 2 3 5 17 6
1636,1 4 2 19 20 3 5 17
2770,41 27 27 32 33 24 31
2845,7 7 8 3 6
3006,18 39 26 23 24 22 22
312,4 2 3 23 29 42
1065,27 59 60 23 24 31
71,1 4 2 19 20 3 5 6
1821,27 50 27 28 53 28 28
554,4 2 3 23 29 55
1533,18 39 26 23 24 22 28
2712,4 2 3 23 29 53
1380,27 21 25 26 23 24 31 42 38
912,16 39 26 12 19 20 3
2668,34 26 32 33 33 23 40 15
2367,37 34 26 32 33 23 33 28
518,27 50 27 28 53 28 38
1868,18 13 7 8 10 23 24 31
9,1 4 2 3 5
3024,19 20 3 5 17
2983,34 32 33 29
1865,30 34 26 2 7 8 3 6
1705,18 13 19 20 14 15 22 22
44,2 3 5 17 6
1205,21 18 39 26 23 24 31 38
126,19 20 3 5 6
328,48 45 46 23 33 28 38
1161,37 21 21 21 22
3032,16 63 64
1649,18 43 45 46 33 28 38
1673,21 41 42
605,34 26 2 19 20 3 5 6
562,21 18 39 26 23 24 31 22
2002,18 13 7 8 10 23 24 22
1628,21 18 39 26 23 24 31 28
1,1 2 3
246,37 38
1308,4 2 19 20 14 15 28
3061,13 19 20 14 17
2365,37 37 34 26 32 33 23 33 28
1596,34 26 2 19 20 3 5 17
653,37 34 26 2 19 20 3 5 6
2432,27 18 39 26 23 29 28 28
1160,37 21 21 22 22
872,37 37 27 27 27 28 28
1226,1 16 13 7 8 3 6
1755,1 16 13 7 8 3 5
731,18 39 26 12 19 20 3 6
108,13 19 20 14 6
2523,48 45 46 23 33 28 28
1234,18 39 26 12 19 20 3 5
2659,37 18 39 26 23 33 23 29
730,39 26 12 19 20 3 6
846,34 26 32 26 23 24 31 38 38
736,13 19 20 14 15
329,48 45 46 23 33 28 22
434,27 21 25 26 23 29 55
2944,1 43 45 46 23 40 6
40,1 16 4 5
2771,37 41 30 25 26 23 33 28 28
2500,30 25 26 32 26 23 24 31 22 22
2706,27 32 33 23 33 28 28
2238,21 30 25 26 23
322,18 43 45 46 28
1761,18 13 19 20 14 15 28 22
2239,27 32 33 23 33 28 38
1229,7 19 20 3 5 6
1972,21 21 25 26 23 24 31 42 38
1742,48 45 46 24 31 38
323,18 43 45 46 47
1724,27 32 33 23 33 28 42
2773,41 30 25 26 23 33 28 28
51,16 4 2 3 5
2247,21 49 32 26 23 40 15
1399,18 43 45 46 58
601,37 30 25 26 23 29
3,1 4 5
2679,37 41 27 27 28 28 42
1552,37 21 25 26 23 40 15
1691,21 22 22 38
2082,49 21 27 27 28
1564,30 45 46 23 24 31
2475,37 37 18 13 19 20 3
1551,37 21 25 26 23 40 6
56,18 13 14 15
2246,21 49 32 26 23 40 6
1413,1 16 4 2 3 23 40 15
597,37 27 21 25 26 23 24 31 38
794,21 22 22 22
2539,1 39 26 2 19 20 20 3 5 6
1412,1 16 4 2 3 23 40 6
2817,49 21 25 26 23 29
1756,16 13 7 8 3 5 6
579,4 2 19 20 14
1924,27 32 33 23 29 22 22
118,4 2 19 20 10
832,37 27 21 25 26 23 24 31 22
2070,21 27 50 51 26 23 52 53 28 38
555,1 39 26 23 40 15 22
864,4 2 19 20 8
525,37 34 26 32 33 23 29 22
1523,18 43 45 46 23 33 38 38
2640,27 32 33 23 29 22 28
2479,37 37 38 28
2264,37 27 27 50 27 28 22
366,1 13 7 8 3 5 6
1368,4 2 19 20 10 23 24 22
73,4 2 19 20 3
341,50 51 26 23 40 6
1890,37 37 38 22
300,4 2 3 23 29 38 38
170,30 31 22
1685,4 2 19 20 10 23 24 31
2585,4 2 3 23 29 38 42
1492,30 31 53 28 28
135,4 2 19 20 20
612,30 31 28
2597,19 20 20 3 6
2336,37 37 37 38
1035,37 37 27 27 28 28
1778,21 21 30 25 26 23 33 28 22
2692,41 37 27 28
2213,18 15 22 53 22
1538,37 30 25 26 23 46 44 6
1920,21 34 26 32 33 23 29 22
2896,41 42
602,30 25 26 23 29
642,30 31 38
333,27 50 51 26 23 46 44 15
115,4 2 3 23 24 22
2201,49 18 13 19 20 3 6
2204,49 18 13 19 20 3 5
975,30 31 42
2095,30 25 26 23 40
2038,27 32 26 32 33 23 24 22 22
586,21 25 26 12 19 20 3
332,27 50 51 26 23 46 44 6
469,4 2 3 23 24 31
2883,27 21 25 26 23 33 24 22
1661,37 30 25 26 23 46 28
938,37 27 18 39 26 23 24 31
2004,4 2 7 35 36 20
1646,27 37 30 25 26 23
910,1 39 26 23 40 17 6
342,50 51 26 23 40 15
2471,1 13 14 15 38 38
2598,21 25 26 12 19 20 14
1660,37 30 25 26 23 46 44 15
2077,30 31 58
1787,1 13 7 8 3 5 17
3035,30 31 64
941,21 25 26 23 52 53 28
2693,27 27 27 27 28 28 38
1008,1 2 19 19 20 20
276,37 37 18 39 26 23 24 31 38
2295,21 21 25 26 23 24 22 55
770,1 16 13 19 20 3
2368,37 27 21 25 26 23 33
177,27 32 33 23 24 31
633,27 21 25 26 23 24 31
1342,37 18 39 26 23 33 28 28
2855,48 25 26 23 24 31 28 22
2557,1 16 13 19 20 14
2496,37 18 39 26 23 33 28 38
138,4 2 19 20 20 3 5 6
821,21 21 25 26 23 24 31 38 38
1365,48 25 26 2 19 20 3
1843,48 25 26 23 24 31 38
1263,1 4 2 19 20 3 23 24 22
584,13 19 20 10 23 40 15
1264,1 4 2 19 20 3 23 24 31
1555,30 45 46 28
2742,37 18 39 26 23 33 29 22
978,37 41 30 25 26 23 24 31 42 38
1804,27 27 18 39 26 23 40 6
658,1 4 2 19 35 36 20 3 6
2376,21 25 26 12 7 8 10 23 24 22
2628,26 32 33 33 23 24 31
560,18 39 26 23 24 31 22
2546,34 26 2 19 20 3 23 24 22
1805,27 27 18 39 26 23 40 15
1985,21 22 22 22 42
1109,1 16 13 7 8 14 15
1759,1 13 14 15 28 22
278,37 37 18 39 26 23 24 31 22 38
859,27 27 32 33 33 28 28
428,27 21 25 26 23 24 22
2156,30 25 26 23 40 15 28 38
2743,37 18 39 26 23 33 29 38
277,37 37 18 39 26 23 24 31 22
1528,48 45 46 23 33 38 38
1962,27 18 39 26 23 33 23 24 31
2892,11 7 35 36 20 3
2385,41 34 26 2 19 20 3
2793,21 27 28 53 28
1381,41 27 21 25 26 23 24 31 42 38
1108,1 16 13 7 8 14 6
2657,27 18 39 26 23 33 23 24 22
747,1 13 19 20 14 15 56 6
462,30 31 22 53 22
362,27 34 26 2 7 8 3 6
1863,4 2 3 23 46 28 28
500,1 2 19 20 3 5 17 6
2730,37 41 27 27 32 33 23 40 6
2671,1 39 26 2 7 8 3 6
424,27 34 26 2 7 8 3 5
1050,18 39 26 2 19 20 10
1511,30 25 26 23 46 44 15
532,37 34 26 32 33 33 53 28 38
1052,18 39 26 2 19 20 3
2663,27 30 25 26 32 33 23 29
160,21 22 28 22
1740,27 45 46 24 31 38
2154,37 21 25 26 23 24 22 28
2322,37 21 27 27 27 28 28
1556,30 45 46 47
1820,30 31 28 28 53 28
49,16 4 2 3 5 17 6
676,21 34 26 32 26 23 24 22
1510,30 25 26 23 46 44 6
795,21 22 22 22 22
2731,37 41 27 27 32 33 23 40 15
751,1 16 13 14 15
1627,18 39 26 23 24 31 28
1258,21 27 21 25 26 23 52 53 28
2540,18 39 26 2 19 20 20
275,18 39 26 23 24 31 38
23,1 2 7 8 3 6
2555,41 27 45 46 23 33 28
985,37 37 41 42
200,1 2 7 8 3 5
259,21 30 25 26 23 29
496,1 39 26 12 19 20 3
807,21 21 25 26 23 24 22 22
817,21 18 39 26 23 24 22 22
1474,7 7 8 14 6
1378,21 22 28 42
2144,21 25 26 12 7 8 3
2109,21 18 39 26 23 24 22 28
2898,21 21 25 26 23 24 22 28
1241,21 22 28 53
1321,1 39 26 23 24 31 38 38
2732,41 27 27 32 33 23 40 6
1012,2 19 19 20 20 3 5 6
2325,27 27 27 27 28 28 22
537,27 32 33 23 24 22
1289,1 2 19 19 20 3
2595,21 21 18 39 26 23 33 23 24 31
2753,21 21 25 26 23 24 22 38
2377,21 25 26 12 7 8 10
614,21 22 28 28
2495,37 18 39 26 23 33 28 38 38
2733,41 27 27 32 33 23 40 15
2961,21 25 26 12 7 8 14
1081,1 2 19 19 20 10
2260,1 39 26 12 19 20 10
1120,1 39 26 23 52 53 28
589,21 22 28 38
1088,1 39 26 12 19 20 14
2085,27 27 27 27 28 28 28
2223,41 37 30 31
595,27 21 25 26 23 24 31 38 38
1714,37 41 27 28 28
738,7 19 20 3 6
1146,21 18 39 26 23 29 53 38 28
1837,4 2 3 23 29 28 38
963,18 39 26 12 19 20 14 17
134,1 4 2 19 20 20 3
2832,18 39 26 12 7 8 10 23 40 15
1475,7 7 8 14 15
2639,4 2 3 23 29 28 28
490,18 39 26 12 19 20 14 15
2829,18 39 26 12 7 8 10 23 40 6
511,21 18 39 26 23 33 23 24 22
420,30 25 26 12 7 8 3 5
2080,27 28 22 58
2787,4 2 3 23 29 28 22
487,18 39 26 12 19 20 14 6
162,27 21 25 26 23 29 22
417,30 25 26 12 7 8 3 6
1536,37 30 25 26 23 40 6
1499,21 18 39 26 23 33 23 24 31
1537,37 30 25 26 23 40 15
1852,27 32 33 23
2048,30 50 27 28
2524,37 41 27 28 38
463,30 31 22 53 22 22
1644,37 30 31 38 28
2001,18 13 7 8 10 23 33 28
1557,30 45 46 23 33 38
2166,27 21 25 26 23 24 31 38 28
877,37 30 31 22 53 38
1836,4 2 3 23 29 28 55
1036,2 19 20 3 23 29
2055,2 3 23 52 53 28
1010,1 2 19 19 20 20 3
935,37 27 21 25 26 23 40 15
1095,39 26 23 40 6
1743,1 13 19 20 14 15 58 22
1181,21 30 25 26 23 33 58 22
934,37 27 21 25 26 23 40 6
1096,39 26 23 40 15
1889,54 25 26 2 19 20 3 5
533,37 34 26 32 33 33 23 29 38
1150,21 34 26 2 19 20 14
1886,54 25 26 2 19 20 3 6
1901,37 27 21 25 26 23 24 22 22
186,21 34 26 2 19 20 3
718,1 16 39 26 23 40 6
833,37 27 21 25 26 23 24 22 28
1099,39 26 12 19 20 14 6
505,18 15 22
1910,27 32 33 29
787,34 26 2 19 35 36 20 3 6
710,1 16 39 26 23 40 17
711,1 16 39 26 23 40 15
745,27 18 13 19 20 14 15 28
732,18 15 28
790,34 26 2 19 35 36 20 3 5
1100,39 26 12 19 20 14 15
796,21 27 21 25 26 23 40 6
2425,18 13 7 8 3 23 24 22
2736,18 39 26 23 33 28 28 42
2565,27 18 13 19 20 14 15 22
139,2 19 20 20 3
269,18 15 38
797,21 27 21 25 26 23 40 15
2838,37 37 18 13 7 8 3 6
336,18 15 42
2155,37 30 25 26 23 40 15 28 38
2906,21 18 39 26 23 40 15 22 22
1622,1 16 4 2 3 23 29 38
2180,30 50 27 27 21 22
1352,34 26 32 26 23 24 31 42 38
2580,1 16 4 2 3 23 29 42
1207,18 13 7 8 3 23 24 31
1829,4 2 3 23 29 31 22
2975,18 15 56
419,30 25 26 12 7 8 3 5 6
2193,18 15 58
2674,18 39 26 2 7 8 3 5 6
2652,34 26 32 33 23 24 22
2308,18 15 62
109,13 19 20 3
1903,21 21 25 26 23 24 31 28
567,2 19 20 14
2658,18 39 26 23 33 23 29
64,1 2 19 20 3 5 6
1140,21 18 39 26 23 29 53 42 38
2587,18 13 7 35 36 8
377,2 7 8 3 23 40 6
2869,27 28 28 22
83,2 19 20 10
1902,21 21 25 26 23 24 31 38
499,1 2 19 20 3 5 17
737,2 19 20 8
1042,13 19 20 10
3008,37 21 18 39 26 23 24 22 22
858,18 13 19 20 3 23 24 31
1626,27 27 21 25 26 23 40 15 22
1016,21 18 13 19 20 10 23 40 6
1846,27 59 60 23 24 31 38
1973,21 21 25 26 23 24 31 42
2721,4 2 3 23 33 24 31
66,2 19 20 3
378,2 7 8 3 23 40 15
866,13 19 20 8
1144,18 39 26 23 29 53 38 42
1191,18 39 26 23 40 15 28 22
1606,4 2 3 23 33 24 22
2911,2 7 8 14 15 22 22
459,21 50 21 50 21 22
1497,27 27 21 25 26 23 40 15 38
2951,18 39 26 23 40 15 28 28
2036,27 32 33 23 33 28
130,2 19 20 20
2746,18 39 26 23 33 23 33 22
39,1 16 17
2006,1 4 2 7 35 36 20 3 6
163,21 27 21 25 26 23 29 22
2312,21 27 28 28 22
150,4 2 19 19 20 20 3 5 6
1613,21 27 61 62 22
2839,37 37 18 13 7 8 3
1545,21 21 30 25 26 23 33 23 24 31
1745,21 49 18 13 19 20 3
2079,39 40 15 28
2729,41 30 25 26 23 24 22 28
1746,21 49 18 13 19 20 14
2020,21 41 34 32 26 23 29 22 22
107,13 19 20 14
226,1 4 2 7 8 3 5 17 6
1930,27 28 28 28
2407,27 27 21 25 26 23 46 28
80,1 4 2 19 20 14 15
1291,2 19 19 20 3 5 6
1193,21 18 39 26 23 40 15
914,18 39 26 12 19 20 3 5 6
1027,21 18 13 19 20 3 6
785,21 18 13 19 20 3 5
1192,21 18 39 26 23 40 6
2146,21 25 26 12 7 8 3 5 6
1688,18 13 19 20 10 23 33 28
2958,21 25 26 12 7 8 3 5 17
382,37 34 26 2 7 8 3 5 6
620,34 26 32 26 23 24 22
1806,27 27 18 39 26 23 40 15 28 28
2117,30 25 26 23 33 23 40 15
2303,27 21 25 26 23 46 28
2909,21 18 13 7 8 14 15
1654,48 45 46 33 28 38
2192,19 20 10 23 40 15
618,34 26 32 26 23 24 31
2474,37 37 18 13 19 20 3 6
349,1 2 3 23 52 53
2135,27 21 18 13 19 20 3
1781,1 4 2 19 35 36 20 3 5 6
1333,37 37 18 39 26 23 33 28
1621,16 4 2 3 23 29
2052,27 27 28 28 28 53 31
2715,30 25 26 23 33 24 31
1143,41 37 38 28
2945,27 21 25 26 23 46 47
3049,18 43 45 46 23 46 44 15
820,21 21 25 26 23 24 31 22
2116,30 25 26 23 33 23 40 6
2477,30 31 22 42 38
1145,21 18 39 26 23 29 53 38 42
2191,19 20 10 23 40 6
19,11 7 8 3 6
1963,27 32 26 23 33 23 24 31
2908,21 18 13 7 8 14 6
354,11 7 8 3 5
673,4 2 3 23 33 28 38
1969,27 18 39 26 23 24 31
425,54 55
1733,37 30 31 28 38
486,18 13 19 20 10 23 40 15
2422,27 30 25 26 32 33 33 28
694,4 2 3 23 33 28 42
1657,37 21 25 26 23 24 31
726,18 13 19 20 10 23 40 17
2483,30 31 28 42 38 38
1554,37 21 25 26 23 24 22
681,21 25 26 23 40 15 22
1498,21 18 39 26 23 33 28
1605,4 2 3 23 33 28 22
2388,2 7 8 3 23 29
2505,37 41 27 27 28 28
1991,21 25 26 23 40 15 28
850,4 2 3 23 33 28 28
1959,21 21 18 39 26 23 40 15 28
2516,41 27 27 32 33 23 24 31
2953,27 18 39 26 23 24 22
1118,27 27 50 27 32 33 23 29
1550,21 25 26 23 40 15 38
2615,21 21 30 25 26 23 40 15 22 22
2499,30 25 26 32 26 23 33 28 38 38
485,18 13 19 20 10 23 40 6
668,27 32 33 23 29 22
2121,41 37 41 42
2484,30 31 28 42 38 28
2804,18 39 26 23 40 15 22 28
2934,21 21 18 13 7 8 3 5 6
542,21 27 21 25 26 23 33 28
1194,21 18 39 26 23 40 15 28 22
2774,41 30 25 26 23 33 28 28 42
1922,27 34 26 2 7 8 14 15
1933,1 39 40 15 22 28
1945,27 27 30 25 26 23 33 28 42
2435,18 13 19 20 3 23 29 38
10,4 2 3 5 6
2029,1 57 18 13 7 8 14 15
1159,37 21 21 22
1364,48 25 26 2 19 20 3 6
2874,1 39 40 15 22 38
227,4 2 7 8 3 5 17 6
407,41 34 26 2 7 8 3
1320,21 22 38 38
2506,37 41 27 27 28 28 42 38 38
510,21 18 39 26 23 33 22
2028,1 57 18 13 7 8 14 6
1344,18 39 26 23 33 28 28
1921,27 34 26 2 7 8 14 6
812,1 39 40 15 22 22
54,4 2 3 5 17
1314,4 2 3 23 33 29 22
1517,37 32 33 24 31
1695,48 45 46 23 24 31 22
1295,4 2 3 23 29 22 38
569,13 19 20 3 6
432,21 27 21 25 26 23 29 55
79,1 4 2 19 20 14 6
2017,21 27 32 33 29 42 22
2972,27 34 26 2 19 20 3 5
2673,18 39 26 2 7 8 3
2355,21 27 28 22 38
1221,1 16 13 7 8 14 17
2727,41 18 39 26 23 40 15 38
3000,37 21 22 22
1057,18 15 53 28 53 22
2969,27 34 26 2 19 20 3 6
2741,18 39 26 23 33 29 22
1508,48 45 46 23 24 31 38
241,4 2 3 23 29 22 22
103,1 16 4 2 19 20 3
1169,18 39 26 23 40 15 22 22
1285,13 19 20 3 5
2974,57 56
422,13 7 8 14 15
2026,1 13 7 8 14 15 56 6
1383,41 27 21 25 26 23 24 31
2593,21 18 39 26 23 33 28 22
2949,1 39 40 15 22 22 22
1629,21 18 39 26 23 33 28 28
2619,21 27 27 32 33 23 24 31 22
339,37 21 50 27 28
421,13 7 8 14 6
1338,37 27 32 33 23 29
2605,41 27 21 25 26 23 24 22
1558,30 45 46 23 33 38 38
2947,21 21 22 28 28
769,1 16 13 19 20 3 6
2573,41 27 28 28 42
1235,1 13 14 15 22 22
2872,1 39 40 15 22 22 38
396,18 39 26 12 7 8 3 6
2913,21 21 18 13 7 8 3
1467,18 39 26 12 7 8 3 5
2905,21 27 28 22 22
2999,18 39 26 23 29 22 22
315,37 21 22 38
1104,13 7 8 14 17
1092,30 25 26 12 19 20 3 6
191,1 2 19 35 36 20
1684,30 25 26 12 19 20 3 5
266,4 2 3 23 24 31 22
2952,27 27 18 39 26 23 24 22
2262,27 37 30 25 26 23 24 31 22
2979,57 18 39 26 23 40 6
964,21 22 42 38
1906,27 32 26 23 29 28
749,1 57 18 13 19 20 14 6
2230,41 30 25 26 23 24 31 38
1808,27 27 18 39 26 23 24 31
3017,19 20 3 23 40 15
321,1 43 45 46 47
1581,1 4 2 7 8 20 3
937,37 27 18 39 26 23 24 31 38
2170,27 37 30 25 26 23 24 31 38
2461,21 34 26 12 7 8 10
750,1 57 18 13 19 20 14 15
1228,19 20 3 23 40 6
1398,1 43 45 46 58
2604,21 22 42 22
2345,37 37 27 28 22
2980,57 18 39 26 23 40 15
2139,21 21 27 21 22
2463,21 34 26 12 7 8 3
2530,41 30 25 26 23 24 31 22
2423,27 30 25 26 32 33 33 23 24 31
2032,27 27 30 25 26 23 24 31 28
2337,21 22 38 38 38
1884,54 25 26 23 29
984,4 2 3 23 24 31 42
799,27 21 25 26 23 40 15
2624,30 25 26 12 7 8 14 6
12,1 4 2 3
1662,30 25 26 23 46 28 28
3045,43 44 15
2493,37 37 18 39 26 23 33 28 38 38
2879,37 21 18 39 26 23 40 15 22 22
2968,21 18 39 26 23 29 22
1393,27 28 53 28 22
265,4 2 3 23 24 31 38
966,21 21 22 42 38
534,27 50 27 32 33 33 28 53 28
630,4 2 3 23 24 31 28
867,13 19 20 8 9
1641,37 49 21 25 26 23 24 31 38
401,4 2 7 8 14
493,1 39 26 12 19 20 10 23 40 15
712,16 39 26 23 40 17 6
402,4 2 7 8 10
1447,4 2 7 8 8
558,1 39 26 23 24 31
3001,37 30 31 22 22
466,21 21 30 25 26 23 24 31 22
492,1 39 26 12 19 20 10 23 40 6
30,4 2 7 8 3
682,1 39 26 23 24 22
1610,21 27 21 22
2533,37 27 27 32 26 23 33 28 28 42
2900,21 21 25 26 23 33 23 29
1571,27 32 33 23 40 6
798,27 21 25 26 23 40 6
1019,1 16 13 19 20 14 17
2256,12 19 19 20 14 6
2012,2 7 35 36 20 3
520,37 27 50 27 28 53 28 38
2068,27 50 51 26 23 52 53 28 38
2105,4 2 3 23 24 31 58
250,37 30 31 22 38
1429,4 2 7 8 20
2338,37 37 37 21 22 38 38
2518,1 43 45 46 28 42 38
723,1 39 26 12 19 20 10 23 40 17
2257,12 19 19 20 14 15
2885,27 32 33 23 33 58 22
2306,61 62
2291,1 4 2 3 23 33 58 38
320,1 43 45 46 28
1572,27 32 33 23 40 15
2875,21 21 18 39 26 23 40 15 22
2415,21 18 39 26 23 33 24 22
1789,27 27 50 27 28
2928,1 16 4 2 7 8 3 5 17 6
2311,37 21 27 28
281,37 18 39 26 23 24 31 22 38
2431,18 39 26 23 29 28 28 28
2313,21 27 28 28 22 38
761,27 50 51 26 23 29
2252,1 4 2 3 23 33 58 22
2319,21 27 27 27 28 28 22 38
587,27 28 38 38
2330,61 18 39 26 23 46 28
1878,34 26 32 26 23 33 28
1083,1 4 2 19 20 8 9
430,21 27 21 25 26 23 24 22
225,13 7 8 3
399,2 7 8 14
2343,37 27 18 39 26 23 29 22
2776,27 27 32 26 23 29
403,2 7 8 10
1256,21 27 21 25 26 23 24 31
404,13 7 8 10
1444,2 7 8 8
670,21 34 26 32 26 23 29
1007,2 19 19 20 20 3 6
1304,27 32 26 23 33 23 24 22
1013,2 19 19 20 20 3 5
27,2 7 8 3
2764,37 37 18 39 26 23 24 22
2843,13 7 8 8
1077,1 2 19 20 20 3 6
1618,18 39 26 23 29 62 28 22
1737,18 43 45 46 24 31
2840,37 18 13 7 8 3 6
1138,18 39 26 23 29 53 42 38
69,1 4 2 19 20 3 6
1430,2 7 8 20
2940,18 13 7 35 36 8 10
128,1 4 2 19 20 3 5
2590,18 13 7 35 36 8 9
2719,27 30 25 32 26 23 29
561,21 18 39 26 23 24 31
2283,37 37 18 39 26 23 33 28 28
3044,63 64
1486,1 16 13 19 20 14 6
1853,21 37 30 25 26 23 33 28
2237,30 25 26 23
2744,21 32 33 23 29 53 22
563,21 18 39 26 23 24 22
1020,1 16 13 19 20 14 15
719,39 40 15
1716,37 41 27 32 33 23 24 31
440,13 7 8 14
2494,37 37 18 39 26 23 33 28 38
1650,27 45 46 33 28 38
205,1 4 2 7 8 14 15
2430,18 39 26 23 29 28 28
959,16 4 2 7 8 3 5 17 6
2440,1 4 2 3 23 29 53 38
2966,34 26 32 26 23 29 28
1061,27 50 21 22
2846,7 7 8 3 5 6
1375,27 28 42 38
1529,48 45 46 23 33 24 31
852,4 2 19 20 3 5 17 6
193,1 2 19 35 36 20 3
1211,34 26 32 26 23 29 38
2574,21 22 28 42 38 38
2685,1 4 2 3 23 29 53 28
438,11 7 8 14 6
2877,37 21 18 39 26 23 40 15
1857,27 32 26 45 26 23 24 31
1449,30 25 26 2 7 8 8
1819,27 50 27 27 27 28 53 28
2184,21 41 30 25 26 23 24 31 22 22
2876,37 21 18 39 26 23 40 6
943,27 27 28 53 28
439,11 7 8 14 15
395,1 39 26 12 7 8 3
615,27 32 26 23 24 31
2488,13 19 20 14 15 22
617,27 32 26 23 24 22
2811,27 21 18 39 26 23 60 23 24 31
902,30 25 26 2 7 8 3
1015,21 18 13 19 20 14 15
921,1 39 40 15 28 38
1648,18 43 45 46 28 28
2708,30 25 26 23 33 28 38
629,4 2 3 23 33 23 29
2276,21 18 39 26 23 40 15 38 38
497,12 19 20 3 5 17 6
2791,48 27 28
982,41 30 25 26 23 24 31 42
1014,21 18 13 19 20 14 6
1017,21 18 13 19 20 10 23 40 15
3051,27 45 46 23 46 44 15
1630,30 25 26 23 33 28 28
1157,1 39 40 15 28 22
2216,30 25 26 23 33 28 22
2834,1 39 26 12 7 8 14
1794,1 39 40 15 28 28
2577,1 4 2 3 23 29 53 42
1516,30 31 22 38 38
144,1 4 2 19 19 20 20 3 6
952,2 3 23 24 22 58
2654,30 25 26 23 33 22
1262,27 50 51 26 23 24 31 22
501,2 19 20 3 5 17 6
2159,4 2 3 23 24 22 38
2779,50 34 26 2 7 8 3 6
1983,41 21 21 22
1301,30 25 26 23 33 28
2081,21 27 27 28
2691,37 41 37 27 28
2018,21 27 32 33 29 42
166,4 2 3 23 24 22 28
592,37 37 30 31 22 38
3042,16 13 19 20 3 23 24 31
1532,1 39 26 23 24 22 28
2142,21 21 25 26 23 40 15 22
1946,18 43 45 46 23 40 6
2211,21 27 21 25 26 23 24 31 22 38
926,37 49 21 25 26 23 24 22 28
114,4 2 3 23 24 22 22
1166,37 30 31 22 22 22 22
45,2 3 5 17
2642,27 21 34 26 32 33 23 29 22
925,37 49 21 25 26 23 24 22 58
1947,18 43 45 46 23 40 15
2353,37 21 27 28 22 38 38
755,30 25 26 23 52 53 28 28
1400,27 45 46 58
991,37 41 18 39 26 23 33 24 31
444,2 7 8 3 23 24 22
2762,21 21 25 26 23 40 15 38
2616,21 30 25 26 23 40 15 22 22
1230,11 7 19 20 3 5 6
2151,27 27 28 28 53 28
6,2 3 5 6
346,41 18 39 26 23 29 28 53 22
1744,18 13 19 20 14 15 58 22
1913,34 32 26 23 33 28
325,27 45 46 47
1208,2 7 8 3 23 24 31
942,4 2 3 23 24 22 58
1101,18 39 26 12 7 8 3 5 6
2821,49 21 25 26 23 33 22
1213,1 2 3 23 33 58
1179,21 21 30 25 26 23 33 58 22
1373,21 25 26 12 19 20 3 5 6
337,1 39 40 15 42 38
1611,21 27 28 22
2823,21 27 28 28
3020,4 2 3 23 24 22 56
2128,37 41 18 13 19 20 3
216,18 13 7 8 3 5 6
656,4 2 19 35 36 20
7,2 3 5
14,2 3 6
754,34 26 32 26 23 52 53 28 28
2372,21 25 26 23 33 23 29 38
2392,27 18 13 7 8 14 15
1861,26 32 26 45 26 23 24 31 38
412,1 16 4 2 7 8 14
988,1 39 26 23 33 28
2215,21 18 39 26 32 33 23 24 31
1786,18 13 7 8 3 5 17
508,1 39 26 23 33 22
2391,27 18 13 7 8 14 6
25,1 2 7 8 3 5 6
2419,27 32 33 33 28
1830,54 27 28 38
2984,27 32 33 33 29
1767,27 18 13 19 20 3 5
778,27 18 13 19 20 3 6
358,1 16 4 2 7 8 3
1603,21 25 32 26 23 24 31 22
1054,27 21 22
2927,1 2 7 8 3 5 17
2784,37 21 27 27 28 22 38
2535,30 25 26 32 26 23 33 28 28 38
245,4 2 3 23 29
319,21 27 32 33 23 24 22 38
2572,41 27 28 28 42 38
1760,1 13 19 20 14 15 28 22
1122,18 39 26 23 29
2534,30 25 26 32 26 23 33 28 28 42
1039,7 35 36 8 9
1717,41 27 32 33 23 24 31
334,27 50 51 26 23 46 28
2547,30 31 28 38 38
721,18 39 26 23 40
1563,30 25 26 23 24 22 38
1948,27 45 46 23 40 6
343,50 51 26 23 40 15 42 38
1977,27 30 25 26 23 24 31 38 38
1502,21 30 25 26 23 33 23 24 22
1204,1 57 18 39 26 23 24 22
635,30 25 26 23 24 22 28
748,18 13 19 20 14 15 56 6
2106,4 2 3 23 40
2995,21 18 13 7 8 14 15 62 22
1060,21 22 53 28
1546,21 30 25 26 23 33 23 24 31
825,27 21 25 26 23 24 22 28 38
2208,30 25 26 23 24 22 22
1394,27 50 27 28
2977,21 27 18 39 26 23 40 15 56
2606,27 21 25 26 23 24 22 28 42
317,37 27 32 33 23 24 22 38
1519,37 37 32 33 24 31
2982,57 18 39 26 23 24 31 38
123,21 25 26 2 19 20 3
1840,1 39 40 15 38 22
47,1 16 4 2 3 5 17
2358,37 27 32 33 23 40 6
707,1 16 39 40 15
1350,30 25 26 32 26 23 24 31
2382,30 25 26 23 29 22
2145,21 25 26 12 7 8 3 6
2588,1 13 7 35 36 8
2956,21 25 26 12 7 8 3 5
1577,27 32 26 2 7 8 3 6
1944,27 27 30 25 26 23 33 28 42 38
2676,26 2 7 8 3
1916,34 32 26 23 29 28
52,16 4 2 3
1131,30 25 26 12 19 20 14 15
1464,2 7 8 10 23 40 15
2065,48 25 26 32 26 23 24 31 38
813,21 25 26 23 40 15 22 22
1327,37 21 25 26 23 29
3018,21 22 56 6
845,27 27 32 26 23 24 31
1838,1 2 3 23 29 55
2359,37 27 32 33 23 40 15
573,54 34 26 2 19 20 3
647,1 4 2 19 19 20 14 15
818,21 25 26 23 24 31 22
436,27 21 25 26 23 24 22 28 22
646,1 4 2 19 19 20 14 6
2066,48 25 26 32 26 23 24 31 22
1130,30 25 26 12 19 20 14 6
632,21 25 26 23 24 31 28
2710,30 25 26 23 29 53
933,27 27 21 25 26 23 40 15 28 38
1463,2 7 8 10 23 40 6
828,21 25 26 23 24 31 38
888,27 21 25 26 23 24 22 28 28
271,1 39 40 15 38 38
2614,41 27 21 25 26 23 24 22 28 38
1175,21 18 39 26 23 33 58 22 22
2553,27 45 46 23 33 28
631,21 25 26 23 24 31
2269,30 25 26 23 33 28 28 28
2390,27 18 13 7 8 14
2695,37 41 27 27 27 28 28 38 42 38
2907,21 18 13 7 8 3 6
426,21 25 26 23 24 22
2957,21 25 26 12 7 8 3 5 17 6
863,1 2 3 23 33 28
1132,30 25 26 12 19 20 3 5 6
1524,27 45 46 23 33 38
1117,27 27 50 27 28 53 28 28
2532,30 25 26 23 33 28 28 38
379,2 7 8 3 23 29 38
1271,18 13 19 20 20 3
1410,1 39 26 23 29 22
2058,21 25 26 23 24 47
2394,27 18 13 7 8 3
2738,1 2 3 23 33 22
2051,27 30 50 27 27 28
2620,30 25 26 23 33 28 28 22
1298,2 7 8 3 23 29 22
2088,27 27 27 28 28 28 28
2851,34 26 2 19 19 20 14 15
956,2 7 8 3 23 29 55
2925,27 34 26 12 7 8 3 5 6
3060,63 30 25 26 23 46 28
519,37 27 50 27 28 53 28
112,2 3 23 24 22 22
383,37 34 26 2 7 8 3 5
495,18 39 26 12 19 20 3
2228,37 30 25 26 23 24 31 42
380,37 34 26 2 7 8 3 6
2147,37 49 21 25 26 23 24 22 28 38
435,2 3 23 24 22 28
2401,48 45 26 23 24 22
2819,49 21 25 26 23 40 15
1779,30 25 26 32 26 23 24 22
251,37 30 25 26 23 24 31 38
2737,21 18 39 26 23 33 28 28 42
2850,34 26 2 19 19 20 14 6
3058,63 30 25 26 23 46 44
2826,27 27 50 27 28 53 28 22
2157,2 3 23 24 22 38
2531,30 25 26 23 33 28 28 42
197,1 16 4 2 3 5 6
2357,37 37 27 32 33 23 40 15
2438,18 13 19 20 3 23 29
1030,37 30 25 26 23 24 31 58
1260,27 50 51 26 23 24 31 38
1934,37 41 30 31 42 38
2818,49 21 25 26 23 40 6
3048,18 43 45 46 23 46 44
2923,27 34 26 12 7 8 3 6
2926,27 34 26 12 7 8 3 5
3021,21 25 26 2 7 8 10
1936,41 30 31 42 38
2689,37 38 42 38
2884,27 32 33 23 24 22 28
2317,37 21 27 27 28 28 22
171,30 25 26 23 24 31
437,21 27 21 25 26 23 24 22 28 22
636,2 3 23 24 31 28
1671,30 25 26 32 33 23 24 22
1942,30 25 26 23 33 28 42 38
2243,27 45 46 23 40 15 38
2508,41 27 27 28 28 42 38 38
950,27 27 30 25 26 23 24 22 28 38
373,21 25 26 2 7 8 3
2677,26 2 7 8 3 5 6
760,27 27 50 51 26 23 29
1567,18 39 26 23 46 31
1803,30 25 26 32 33 23 24 31
1543,18 39 26 23 46 28
2298,18 43 45 46 23 24 22 38
261,2 3 23 24 31 38
1110,1 16 13 7 8 10 23 40 6
2273,27 27 32 33 23 40 15
2259,18 39 26 12 19 20 10
826,21 27 21 25 26 23 24 22 28 38
1354,30 25 26 23 24 47
1089,18 39 26 12 19 20 14
2181,21 21 30 25 26 23 24 31 42 22
915,21 22 58 38
2849,18 13 19 20 20 14 6
613,27 27 28
720,16 39 26 23 40
1568,18 39 26 23 46 47
2103,2 3 23 24 31 58
1300,21 25 26 23 33 23 24 22
2272,27 27 32 33 23 40 6
1121,18 39 26 23 52 53 28
3036,2 3 23 24 31 64
559,1 39 26 23 24 31 22
758,27 30 25 26 23 52 53 28
1719,21 25 26 23 33 28 42
1704,1 13 19 20 14 15 22 22
1345,18 39 26 23 33 23 24 31
1907,27 27 32 26 23 29 28
1244,27 28 53 28
158,27 28 22
274,1 39 26 23 24 31 38
1046,1 39 26 2 19 20 10
2656,18 39 26 23 33 23 24 22
1386,27 28 28
1713,27 32 33 23 24 22 22
987,27 32 33 24 31
1479,2 7 8 3 23 33 28
2059,21 49 32 33 23 24 47
516,27 28 38
1031,30 25 26 23 24 31 58
1420,1 13 19 35 36 20 3
2134,27 21 18 13 19 20 3 6
2137,27 21 18 13 19 20 3 5
1376,27 28 42
2417,21 25 32 26 23 33 24 22
2403,30 25 26 45 26 23 24 22
1518,37 32 33 24 31 22
2886,30 25 26 2 19 20 10
1397,27 32 33 24 47
161,21 25 26 23 29 22
1240,27 28 53
2899,21 49 32 33 23 24 31
667,37 27 32 33 23 29 22
1075,30 25 26 23 24 31 42
1780,21 18 13 19 20 14 15 22
2188,30 25 26 2 19 20 8
940,30 25 26 23 24 31 38
1387,27 28 58
1720,21 25 26 23 33 28 28
1923,2 7 8 3 23 33 22
535,37 27 50 27 32 33 33 28 53 28
1776,21 27 32 33 23 24 31 22
371,34 26 2 7 8 3 5
368,34 26 2 7 8 3 6
2136,27 21 18 13 19 20 3 5 6
1001,30 25 26 23 24 31 28
352,4 2 3 23 52 53
2767,37 21 25 26 23 24 31 38 38
1153,21 49 32 33 23 24 22
172,30 25 26 23 24 31 22
1018,1 16 13 19 20 14 17 6
608,30 25 26 2 19 20 3
651,37 34 26 2 19 20 3 6
2008,4 2 7 35 36 20 3
654,37 34 26 2 19 20 3 5
621,34 26 32 26 23 24 22 28 28
2171,27 37 30 25 26 23 24 31 38 28
148,1 4 2 19 19 20 20 3
1785,18 13 7 8 3 5 17 6
1006,1 2 3 23 40 15
2575,27 27 21 25 26 23 29 53 38 38
2022,41 34 32 26 23 29 22 22
2469,54 21 25 26 23 24 22
2852,34 26 2 19 19 20 10
1261,27 50 51 26 23 24 31 22 38
385,37 34 26 2 7 8 14 15
350,1 2 3 23 40 6
2046,1 2 7 8 10 23 24 31
1167,37 30 31 22 22 22
1683,37 21 25 26 32 33 23 24 22
2891,7 35 36 20 3
690,41 27 32 33 23 29
1589,27 45 46 23 24 22
1773,21 22 22 53 22
789,34 26 2 19 35 36 20 3 5 6
2480,27 37 41 42
973,1 2 7 8 10 23 24 22
1575,21 30 25 26 23 33 23 40 6
2061,27 27 21 25 26 23 33 23 24 22
1625,27 27 32 33 23 24 31 22
2551,37 27 32 33 23 24 31 28
1200,27 18 39 26 23 40 15 56 6
878,37 37 50 21 22
1576,21 30 25 26 23 33 23 40 15
1864,49 21 25 26 23 29 55
2236,37 27 32 33 23 24 31 22
911,1 39 26 23 40 17
1267,1 13 19 20 20 3 6
1203,1 57 18 39 26 23 40 15 22
1390,27 27 32 33 23 24 31 28
2196,21 25 26 23 29 38
302,1 39 26 23 40 15
2617,30 25 26 23 24 22 22 22
1734,37 30 31 28
1669,27 27 32 33 23 24 31 38
1507,27 45 46 23 24 31
1897,11 7 8 3 23 24 31
249,37 30 31 22
301,1 39 26 23 40 6
2062,27 27 21 25 26 23 33 23 24 47
1336,37 27 32 33 23 24 31 38
2324,27 27 27 28 28 22 38
433,21 25 26 23 29 55
762,1 4 2 3 23 52 53 28
2647,21 34 26 32 33 33 23 29 22
2716,30 25 26 23 33 24 31 28
527,27 50 27 32 33 23 29 38
1347,27 27 32 26 23 33 28
384,37 34 26 2 7 8 14 6
2130,41 18 13 19 20 3
2092,30 25 32 33 24 31
2450,34 26 32 26 32 33 23 33 28
1028,37 30 31 58
503,16 4 2 19 20 3 6
838,27 27 32 33 23 29
529,37 27 50 27 32 33 33 53 28
1708,16 4 2 19 20 3 5
21,12 7 8 3 6
356,12 7 8 3 5
2813,27 21 18 39 26 23 33 23 24 31
1595,34 26 2 19 20 3 5 17 6
1312,27 32 33 29 22
539,21 25 26 23 33 28
2705,37 27 32 33 23 33 28
1941,27 21 18 39 26 23 24 31 28
2332,21 25 26 23 33 24 22
1643,37 30 31 38
2395,27 18 13 7 8 3 6
808,21 21 21 25 26 23 24 31 38 38
1905,27 27 32 33 24 22
2739,27 32 33 29 38
2016,27 32 33 29 42
2702,27 27 32 33 24 31
2943,37 18 39 26 23 33 23 24 22
1458,27 21 18 13 7 8 3
1038,7 35 36 8
415,16 4 2 7 8 14 6
1459,27 21 18 13 7 8 10
1401,49 45 46 23 33 28
564,30 25 26 23 24 22
2497,37 18 39 26 23 33 23 24 31
2655,30 25 26 32 26 23 40 15 28
1950,27 45 46 23 40 15 22
1872,18 39 26 12 19 20 14 15 58 22
416,16 4 2 7 8 14 15
192,1 2 19 35 36 20 3 6
3007,37 21 18 39 26 23 24 22
804,27 21 25 26 23 24 22 22 22
2889,7 35 36 20
262,2 3 23 24 31 22
2148,37 30 25 26 23 24 22 38
803,21 18 39 26 23 24 22 28 22
891,21 37 27 27 28 28
2498,27 32 26 23 33 28 38 38
961,1 39 26 12 19 20 14 17 6
3026,19 20 20 3 5 17
32,1 4 2 7 8 3 5 6
255,37 21 30 25 26 23 24 31 22 38
2704,37 27 32 33 23 33 28 28
644,37 30 25 26 23 24 22 28
1361,1 4 2 3 23 40 15 38
1693,18 43 45 46 23 24 31 22
1374,21 25 26 12 19 20 3 5
178,27 32 33 23 24 31 22
585,21 25 26 12 19 20 3 6
843,27 27 32 26 23 24 31 38 38
2297,54 21 25 26 23 29
1124,27 18 39 26 23 29
1296,7 8 3 5 6
1736,27 32 33 23 24 31 28
119,1 13 19 20 3 5 6
1126,1 4 2 3 23 40 15 28
2108,1 4 2 7 8 3 5 17
244,1 4 2 3 23 29
1253,30 25 26 2 19 20 14 15
61,19 20 3
286,2 3 23 40 6
954,4 2 7 8 3 23 24 31
1869,30 25 26 12 7 8 10
2623,30 25 26 12 7 8 14
101,18 13 19 20 3 5 17
100,1 13 19 20 3 5 17
443,4 2 7 8 3 23 24 22
3037,19 20 14
418,30 25 26 12 7 8 3
287,2 3 23 40 15
1807,27 18 39 26 23 40 15 28 28
2207,37 30 25 26 23 24 22 22
97,18 13 19 20 3 5 6
2596,19 20 20
1409,4 2 3 23 46 28
1070,30 25 26 23 60 23 24 31
1202,1 57 18 39 26 23 40 15
2564,27 18 13 19 20 14
2955,12 7 8 10 23 24 22
2195,1 13 14 15 58
691,34 26 32 33 23 29
2801,30 31 28 22 28
1999,13 7 8 10 23 33 28
1173,21 21 18 39 26 23 33 58 22 22
1860,26 32 26 45 26 23 24 31
779,27 18 13 19 20 3
2775,41 27 27 32 26 23 29
1201,1 57 18 39 26 23 40 6
2992,1 13 14 15 62
1274,12 19 20 20 3 6
2019,21 27 32 26 23 29 22 22
1277,12 19 20 20 3 5
38,1 13 14 15
513,1 4 2 3 23 40 15 22
1505,18 43 45 46 23 24 31 38
1328,27 32 33 23 24 31 38
2025,2 3 23 33 28 22
2448,27 32 26 32 33 23 33 28
242,2 3 23 29
1938,27 32 33 23 24 31 42
2609,27 21 25 26 23 24 22 42 22
394,18 39 26 12 7 8 3
1461,7 19 20 8 9
848,2 3 23 33 28 28
1513,48 45 26 23 29
1656,37 21 25 26 23 24 31 38
2584,16 4 2 3 23 29 38 42
1427,30 31 28 22 22
502,1 16 4 2 19 20 3 6
671,2 3 23 33 28 38
2914,21 25 26 12 7 8 14 6
2050,30 50 27 27 28
2465,21 34 26 12 7 8 3 5
2915,21 25 26 12 7 8 14 15
1547,30 25 26 32 26 23 29
2104,2 3 23 40
692,2 3 23 33 28 42
2462,21 34 26 12 7 8 3 6
2756,37 21 25 26 23 24 31 22
2240,37 18 39 26 23 33 23 33 28
370,34 26 2 7 8 3 5 6
2682,2 19 19 19 20 3
709,1 16 39 26 23 40 17 6
2481,37 37 41 27 28
2086,21 27 27 27 27 28 28 28
897,21 37 30 31 22
2901,41 27 32 26 23 24 22
1306,21 25 26 32 26 23 33 23 24 22
1535,37 18 39 26 23 24 22 28
2994,21 18 13 7 8 14 15 62
1769,37 27 27 50 27 28 53 28 28 28
2766,37 18 39 26 23 24 22 38
1580,1 4 2 7 8 20 3 6
2096,49 30 25 26 23 40
2833,18 39 26 12 7 8 14
2229,37 41 30 25 26 23 24 31 38
979,37 41 30 25 26 23 24 31 42
1212,2 3 23 33 58
538,27 32 33 23 29
780,1 13 14 15 22
753,27 32 26 23 52 53 28 28
1033,49 30 25 26 23 29
1512,30 25 26 23 46 28
3054,48 45 46 23 46 44 15
2760,21 25 26 23 40 15 38 38
2214,1 39 40 15 22 53 22
733,1 13 14 15 28
2470,54 21 25 26 23 24 22 22
1043,1 16 4 2 7 8 14 15
1158,1 39 40 15 56 6
1802,30 31 28 28 28
1584,4 2 7 8 20 3 5 6
1624,1 13 14 15 38
2939,1 13 7 35 36 8 10
1620,1 16 4 2 3 23 29
2589,1 13 7 35 36 8 9
1598,27 32 33 24 22
413,1 16 4 2 7 8 14 6
2964,34 26 2 7 8 3 5 17
1995,30 25 26 23 46 47
1424,2 7 8 10 23 24 31
290,4 2 3 23 40 6
2250,26 32 26 45 26 23 29
2536,1 39 26 2 19 20 20
1148,1 39 26 23 29
291,4 2 3 23 40 15
1989,30 25 26 32 26 23 40 6
2101,18 39 26 23 60 28 53 28
1367,27 21 25 26 23 24 22 22
498,12 19 20 3 5 17
627,2 3 23 33 23 29
972,2 7 8 10 23 24 22
1252,30 25 26 2 19 20 14 6
2794,37 27 21 27 28 53 28 47
476,7 19 20 14 6
545,21 25 26 32 26 23 29
2800,30 31 28 22 28 38
643,30 25 26 23 24 22 28 22
626,2 3 23 33 28
1917,2 3 23 33 29
917,37 27 27 28 38
1548,27 21 25 26 23 24 22 38
1738,18 43 45 46 24 31 38
1059,1 39 40 15 53 28
622,30 25 26 23 24 22 28 28
429,27 21 25 26 23 24 22 28
1895,21 37 30 25 26 23 24 31 38 38
1147,1 2 7 8 3 5 17 6
2967,21 27 21 25 26 23 40 15 22
120,12 19 20 3 5 6
870,37 27 27 28 28
1909,2 3 23 33 24 22
722,1 39 26 23 40
2433,27 18 39 26 23 29 28 28 28
1994,30 25 26 32 26 23 40 15
2467,27 21 25 26 23 24 22 55
677,2 3 23 33 22
1190,21 30 25 26 23 40 15 22
1565,1 39 26 23 46 31
2645,27 27 32 33 33 28
2449,27 32 26 32 33 23 33 23 29
1896,21 37 30 25 26 23 24 31 38 22
2458,4 2 7 8 10 23 29 22
2694,37 41 27 27 27 28 28 38
1566,1 39 26 23 46 28
659,1 4 2 19 35 36 20 3
1392,30 25 26 32 26 23 29 22
2707,27 32 33 23 33 24 31
357,1 16 4 2 7 8 3 6
1818,27 50 27 27 28 53 28
308,2 3 23 29 42
1259,21 30 25 26 23 52 53 28
2040,30 25 26 32 26 23 33 23 24 22
1964,30 25 26 32 26 23 33 23 24 31
2054,27 50 51 26 23 24 22 28
552,2 3 23 29 55
1978,37 30 25 26 23 24 31 22
477,7 19 20 14 15
2805,1 39 26 23 60 28
1965,30 25 26 23 24 31 28 22
1250,27 21 30 25 26 23 24 31 22
2507,41 27 27 28 28
1419,1 13 19 35 36 20 3 6
1877,21 30 25 26 23 52 53 55
2176,30 50 27 21 22
1220,1 16 13 7 8 14 17 6
2519,18 43 45 46 28 42 38
2443,34 26 32 33 33 28
2973,1 57 56
1823,1 2 3 23 29 31
1323,37 37 18 39 26 23 24 31 38 38
2824,21 27 50 27 28 53 28 22
3052,27 45 46 23 46 28
293,1 2 3 23 29 38
1814,27 27 30 25 26 23 24 31 28 28
2396,27 18 13 7 8 3 5 6
2825,21 27 50 27 28 53 28 28
2005,4 2 7 35 36 20 3 6
232,1 2 3 23 29 28
2314,37 21 27 28 28 22
2464,21 34 26 12 7 8 3 5 6
3050,27 45 46 23 46 44
1690,21 22 22 38 38
365,21 34 26 2 7 8 3
2998,1 39 26 23 29 22 22
2633,27 21 30 25 26 23 24 31 28
236,1 2 3 23 29 22
1866,13 7 8 10 23 24 31
2608,41 27 21 25 26 23 24 22 42 22
652,37 34 26 2 19 20 3
1937,41 30 31 42
2189,30 25 26 2 19 20 8 9
1290,1 2 19 19 20 3 5 6
2621,13 7 8 10 23 24 22
1822,2 3 23 29 31
231,2 3 23 29 28
1799,18 15 28 28 28
3003,2 3 23 29 28 22
294,2 3 23 29 38
774,16 13 19 20 3 5 6
2637,2 3 23 29 28 28
363,27 34 26 2 7 8 3
786,34 26 2 19 35 36 20
701,16 4 2 19 20 14 15
2757,37 21 25 26 23 24 31 22 38
2351,37 37 21 27 28 22 38 38
1766,27 18 13 19 20 3 5 6
1833,2 3 23 29 28 38
2487,41 21 30 25 26 23 33 23 24 31
3059,63 30 25 26 23 46 44 15
471,16 4 2 19 20 14 6
2037,27 32 26 32 33 23 24 22
235,2 3 23 29 22
2060,27 27 21 25 26 23 33 58 22
2459,2 7 8 10 23 29 22
2699,27 27 27 28 28 38 42 38
2163,30 25 26 23 24 31 22 38
610,30 25 26 2 19 20 3 5
2113,27 21 25 26 23 24 31 22 22
2327,27 61 18 39 26 23 46 44 15
254,37 21 30 25 26 23 24 31 22
2045,4 2 7 8 10 23 24 31
1349,30 25 26 32 26 23 33 28
1949,27 45 46 23 40 15
2867,50 34 26 2 19 20 3 6
1768,37 27 27 27 28 28 38
2326,27 61 18 39 26 23 46 44 6
324,18 43 45 46 23 33 28 38
607,30 25 26 2 19 20 3 6
788,34 26 2 19 35 36 20 3
2772,37 41 30 25 26 23 33 28 28 42
593,37 30 31 22 38 38
1343,1 39 26 23 33 28 28
2173,30 25 26 23 24 31 22 22
2321,37 21 27 27 27 28 28 22 38
830,27 21 25 26 23 24 31 22 38
253,37 21 30 25 26 23 24 31 38
2421,30 25 26 32 33 33 23 24 31
971,4 2 7 8 10 23 24 22
1247,30 25 26 23 24 31 22 28
1919,4 2 3 23 33 29
182,4 2 3 23 33 28
1246,30 31 22 28 53 28
1149,21 18 39 26 23 29
280,37 18 39 26 23 24 31 22
515,4 2 3 23 33 22
2309,1 39 40 15 62 28
1549,21 25 26 23 24 22 38
1116,7 8 3
997,30 25 32 26 23 24 31 42 38
133,1 4 2 19 20 20 3 6
1469,30 25 26 2 7 8 14 15
2796,48 37 27 21 27 28 53 28 47
15,7 8 9
16,7 8 10
1135,7 8 14
1287,18 13 19 20 20 3 5
2611,21 25 26 23 24 22 42
239,2 3 23 29 22 22
279,37 18 39 26 23 24 31 38
1270,18 13 19 20 20 3 6
2296,21 25 26 23 24 22 55
1055,27 27 21 25 26 23 29
1616,21 25 26 23 29 62 28 22
2281,37 18 39 26 23 40 15 38 38
1216,4 2 3 23 33 58
923,21 25 26 23 24 22 58
1847,18 39 26 23 60 28
1293,2 3 23 29 22 38
2510,27 27 28 28 42 38 38
164,2 3 23 24 22
1460,27 21 18 13 7 8 3 6
2937,21 27 32 33 23 29
1155,21 21 49 32 33 23 24 22
2888,11 7 35 36 20 3 6
739,7 19 20 3
2284,37 18 39 26 23 33 23 40 6
2894,11 7 35 36 20 3 5
467,2 3 23 24 31
1980,21 41 21 22
968,21 25 26 23 24 22 22
2921,37 18 13 7 8 3 5 6
1183,30 25 26 23 40 6
2010,2 7 35 36 20
2268,27 18 39 26 23 24 31 22
427,21 25 26 23 24 22 28
2063,21 49 32 26 23 24 31 38
355,12 7 8 3 5 6
3031,1 16 63 64
1599,21 27 32 33 24 22
2592,21 18 39 26 23 24 31 22 38
1310,37 37 27 32 33 29 22
1184,30 25 26 23 40 15
855,1 2 3 23 24 31
1975,30 31 28 22 22 22
2960,12 7 8 3 5 17
2288,37 49 32 33 23 24 31
752,16 13 14 15
2576,27 27 21 25 26 23 29 53 38
823,1 2 3 23 24 22
695,7 19 20 8
1489,21 18 39 26 23 24 31 22 22
634,27 21 25 26 23 24 31 28
2990,21 61 62 22
1423,18 13 19 35 36 20 3
1255,27 21 25 26 23 24 31 22
1998,2 7 8 10 23 33 28
